Protein.Group,PP_0812_PP_0813_log2_FC_x,PP_0812_PP_0813_log10_pval_x,PP_0812_PP_0813_log2_FC_y,PP_0812_PP_0813_log10_pval_y,PP_0812_PP_0814_log2_FC_x,PP_0812_PP_0814_log10_pval_x,PP_0812_PP_0813_PP_0814_log2_FC_x,PP_0812_PP_0813_PP_0814_log10_pval_x,PP_0813_PP_0814_log2_FC_x,PP_0813_PP_0814_log10_pval_x,PP_0812_log2_FC_x,PP_0812_log10_pval_x,PP_0813_log2_FC_x,PP_0813_log10_pval_x,PP_0814_log2_FC_x,PP_0814_log10_pval_x,PP_0812_PP_0813_log2_FC,PP_0812_PP_0813_log10_pval,PP_0812_PP_0814_log2_FC_y,PP_0812_PP_0814_log10_pval_y,PP_0812_PP_0813_PP_0814_log2_FC_y,PP_0812_PP_0813_PP_0814_log10_pval_y,PP_0813_PP_0814_log2_FC_y,PP_0813_PP_0814_log10_pval_y,PP_0812_log2_FC_y,PP_0812_log10_pval_y,PP_0813_log2_FC_y,PP_0813_log10_pval_y,PP_0814_log2_FC_y,PP_0814_log10_pval_y
PP_0002,-1.4295882898977268,8.099932735569956,,,,,,,,,,,,,,,,,,,,,,,,,,,,
PP_0004,3.0773399208225114,1.6159211378549185,,,,,,,,,,,,,,,,,,,,,,,,,,,,
PP_0089,-2.084785049311393,1.6047408719285425,,,,,,,,,,,,,,,,,,,,,,,,,,,,
PP_0091,3.6204817508615625,1.3060565506738302,,,,,,,,,,,,,,,,,,,,,,,,,,,,
PP_0096,1.1436330341261445,9.359705029749229,,,,,,,,,,,,,,,,,,,,,,,,,,,,
PP_0111,1.208755527261185,4.534051596027576,,,,,,,,,,,,,,,,,,,,,,,,,,,,
PP_0112,1.1100861033891116,1.8299913543199078,,,,,,,,,,,,,,,,,,,,,,,,,,,,
PP_0120,-1.9262134382848046,1.7632450697115465,,,,,,,,,,,,,,,,,,,,,,,,,,,,
PP_0154,5.504595695182536,2.2490156878822525,,,,,,,,,,,,,,,,,,,,,,,,,,,,
PP_0155,3.619246808655809,2.6297697063091383,,,4.408070476513799,3.6178134857367423,,,3.859678809909122,3.1212021733047646,,,4.012281673368657,3.0535417191453953,,,,,4.408070476513799,3.6178134857367423,,,3.859678809909122,3.1212021733047646,,,4.012281673368657,3.0535417191453953,,
PP_0166,1.3655692873717176,2.8199392276504742,,,,,,,,,,,,,,,,,,,,,,,,,,,,
PP_0173,1.850493543509276,2.509614816382169,,,,,,,,,,,,,,,,,,,,,,,,,,,,
PP_0196,-2.33191016957021,1.8833339013007513,,,,,,,,,,,,,,,,,,,,,,,,,,,,
PP_0215,-1.1839428618453531,3.4773473253457947,,,,,,,,,-2.414622275102301,5.0347628665331765,,,,,,,,,,,,,-2.414622275102301,5.0347628665331765,,,,
PP_0226,-2.229611364179816,2.4998603683807548,,,,,,,,,,,,,,,,,,,,,,,,,,,,
PP_0227,1.9434803277941015,2.834153121068008,,,,,1.6864679432869032,3.078269903102588,,,,,,,,,,,,,1.6864679432869032,3.078269903102588,,,,,,,,
PP_0285,-1.7140741344812669,1.8533352271721726,,,,,,,1.639432178178116,3.1022350262460816,,,,,,,,,,,,,1.639432178178116,3.1022350262460816,,,,,,
PP_0293,-1.8601315053817655,1.5502781437037705,,,,,,,,,,,,,,,,,,,,,,,,,,,,
PP_0321,2.0512999415667394,4.032108122849677,2.0512999415667394,4.032108122849677,,,,,,,,,,,,,2.0512999415667394,4.032108122849677,,,,,,,,,,,,
PP_0346,1.5908433330672924,2.384256714661259,,,,,,,,,,,,,,,,,,,,,,,,,,,,
PP_0359,1.2002707884177979,2.2973692306842595,,,,,,,,,,,,,,,,,,,,,,,,,,,,
PP_0370,1.3239204665140325,14.289639691635573,,,,,,,,,,,,,,,,,,,,,,,,,,,,
PP_0375,-1.4020912704365165,2.2348872433072646,,,-3.657576076104224,8.439908084438828,-2.0395530393208343,5.688345782164223,-1.6645571878990282,4.574856217135631,,,,,,,,,-3.657576076104224,8.439908084438828,-2.0395530393208343,5.688345782164223,-1.6645571878990282,4.574856217135631,,,,,,
PP_0376,-1.304489321984879,3.370479014348127,,,-3.5256974023955636,5.463016720918478,,,,,,,,,,,,,-3.5256974023955636,5.463016720918478,,,,,,,,,,
PP_0378,-1.05136680805084,4.903982926212001,,,-1.7696518755266135,6.476531667113934,,,,,,,,,,,,,-1.7696518755266135,6.476531667113934,,,,,,,,,,
PP_0379,-1.2374740773355837,1.3604931725473264,,,-2.046034643965386,5.642299010372076,,,,,,,,,,,,,-2.046034643965386,5.642299010372076,,,,,,,,,,
PP_0382,1.1276023477194117,3.7940519198165887,,,,,,,,,,,,,,,,,,,,,,,,,,,,
PP_0401,-1.1212243484252797,2.5503501757393976,,,,,,,,,,,,,,,,,,,,,,,,,,,,
PP_0406,-1.7708286737309054,1.547308103482694,,,,,,,,,,,,,,,,,,,,,,,,,,,,
PP_0408,4.117593958534638,1.624137846432141,,,,,,,,,,,,,,,,,,,,,,,,,,,,
PP_0427,3.1836923538556126,1.9519839887058965,,,,,,,,,,,,,,,,,,,,,,,,,,,,
PP_0430,-2.7280728891925228,5.314533350214791,-2.7280728891925228,5.314533350214791,-2.094167335555058,3.3923233331802254,,,,,,,,,,,-2.7280728891925228,5.314533350214791,-2.094167335555058,3.3923233331802254,,,,,,,,,,
PP_0440,1.6413571163514582,2.9482872708647205,,,,,,,,,,,,,,,,,,,,,,,,,,,,
PP_0449,-1.0229280853544362,4.308695069159701,,,,,,,,,,,,,,,,,,,,,,,,,,,,
PP_0458,-1.227291827750307,2.045880755527943,,,,,,,,,,,,,,,,,,,,,,,,,,,,
PP_0463,-1.0878470057330674,3.9857784959879643,,,,,,,,,,,,,,,,,,,,,,,,,,,,
PP_0480,-1.030120066837451,9.573353995053314,,,,,,,,,,,,,,,,,,,,,,,,,,,,
PP_0504,2.4043083335786184,1.4086591386786875,,,,,,,,,,,,,,,,,,,,,,,,,,,,
PP_0512,2.0416930210571502,2.70338911884186,,,,,,,,,,,,,,,,,,,,,,,,,,,,
PP_0521,-1.8739983248353245,2.9341905551364658,,,,,,,,,-2.193289277212032,5.647432927978922,-1.6192494580931966,4.625073761487933,,,,,,,,,,,-2.193289277212032,5.647432927978922,-1.6192494580931966,4.625073761487933,,
PP_0536,2.183001642760057,3.8494447473625937,2.183001642760057,3.8494447473625937,,,,,,,,,,,,,2.183001642760057,3.8494447473625937,,,,,,,,,,,,
PP_0538,-1.1382423467974256,3.2561561686216676,,,,,,,,,,,,,,,,,,,,,,,,,,,,
PP_0578,-3.4916561039201626,5.030627956187473,-3.4916561039201626,5.030627956187473,,,,,-1.6171250735191551,3.2854691328044754,,,,,,,-3.4916561039201626,5.030627956187473,,,,,-1.6171250735191551,3.2854691328044754,,,,,,
PP_0599,1.5455846781082938,8.016296068224136,,,,,,,,,,,,,,,,,,,,,,,,,,,,
PP_0612,-1.07768937999167,2.4336625702455055,,,,,,,,,,,,,,,,,,,,,,,,,,,,
PP_0614,-2.364974966568097,3.1513563497835495,-2.364974966568097,3.1513563497835495,,,,,,,,,-2.4864925415475723,3.225793388105472,-3.261248156039465,3.5099988978754775,-2.364974966568097,3.1513563497835495,,,,,,,,,-2.4864925415475723,3.225793388105472,-3.261248156039465,3.5099988978754775
PP_0654,4.1578154155722995,1.870476777034055,,,,,,,,,,,,,,,,,,,,,,,,,,,,
PP_0686,-1.5429420931793885,7.169699773950497,,,,,,,,,,,,,,,,,,,,,,,,,,,,
PP_0720,1.9288579150123581,4.005893327542828,1.9288579150123581,4.005893327542828,,,,,,,,,,,,,1.9288579150123581,4.005893327542828,,,,,,,,,,,,
PP_0724,-3.412957815164494,7.197474267652934,-3.412957815164494,7.197474267652934,,,,,,,,,,,,,-3.412957815164494,7.197474267652934,,,,,,,,,,,,
PP_0742,1.3495961407365091,2.7990587694115,,,,,,,,,,,,,,,,,,,,,,,,,,,,
PP_0744,1.2577625400024268,2.128374024544842,,,,,,,,,,,,,,,,,,,,,,,,,,,,
PP_0749,1.063183257573325,3.488862242211917,,,,,,,,,,,,,,,,,,,,,,,,,,,,
PP_0751,1.142052347003845,1.9997325030214215,,,,,,,,,,,,,,,,,,,,,,,,,,,,
PP_0762,-2.7248331434413036,6.485189347804564,-2.7248331434413036,6.485189347804564,,,,,,,,,,,,,-2.7248331434413036,6.485189347804564,,,,,,,,,,,,
PP_0765,1.59796489987212,2.6162336246237667,,,,,1.6418866996159522,3.305353190741549,,,,,,,,,,,,,1.6418866996159522,3.305353190741549,,,,,,,,
PP_0766,1.002417359683153,1.8457924880452448,,,,,,,,,,,,,,,,,,,,,,,,,,,,
PP_0786,1.0855261998179677,20.88639415769091,,,,,,,,,,,,,,,,,,,,,,,,,,,,
PP_0787,1.813489107356374,1.9765559151251741,,,,,,,,,,,,,,,,,,,,,,,,,,,,
PP_0812,-3.2767498286284518,13.169410543162018,-3.2767498286284518,13.169410543162018,-6.655575087035759,13.368554268653451,-4.5794071842318695,13.541983995929087,-6.027536703669089,13.397526566940293,,,-1.9337835511457007,3.226138709617922,-3.525572572393772,11.217811543573921,-3.2767498286284518,13.169410543162018,-6.655575087035759,13.368554268653451,-4.5794071842318695,13.541983995929087,-6.027536703669089,13.397526566940293,,,-1.9337835511457007,3.226138709617922,-3.525572572393772,11.217811543573921
PP_0813,-7.082124816041822,17.01394118281384,-7.082124816041822,17.01394118281384,-5.824486896790826,19.174925574484895,-7.862571389215667,17.031395633382363,-6.039671998940381,18.935891035492798,,,-2.280883451004653,3.0489271667993463,-7.97839800551319,17.168381106961256,-7.082124816041822,17.01394118281384,-5.824486896790826,19.174925574484895,-7.862571389215667,17.031395633382363,-6.039671998940381,18.935891035492798,,,-2.280883451004653,3.0489271667993463,-7.97839800551319,17.168381106961256
PP_0836,-1.4466118377931219,1.6048098738660943,,,,,,,,,,,,,,,,,,,,,,,,,,,,
PP_0858,-2.0455018054013028,2.204174102183201,,,,,,,,,,,,,,,,,,,,,,,,,,,,
PP_0859,-2.2981511330377704,2.126699370327768,,,,,,,,,,,,,,,,,,,,,,,,,,,,
PP_0868,-1.1692536849984065,1.570550196013169,,,,,-1.9391156602780466,8.73414518550471,,,,,,,,,,,,,-1.9391156602780466,8.73414518550471,,,,,,,,
PP_0883,1.3518603121530401,3.281693937682769,,,,,,,,,,,,,,,,,,,,,,,,,,,,
PP_0888,1.0600174515561025,2.371141463987953,,,,,,,,,,,,,,,,,,,,,,,,,,,,
PP_0893,-1.2551522211258437,1.9912708566584398,,,,,,,,,,,,,,,,,,,,,,,,,,,,
PP_0913,1.7621611564611372,2.0930234805382106,,,1.6377533473547052,13.24318926001034,1.767639047248837,8.037929467879158,,,,,,,,,,,1.6377533473547052,13.24318926001034,1.767639047248837,8.037929467879158,,,,,,,,
PP_0944,1.3753174908359456,2.9272415999222825,,,,,,,,,,,,,,,,,,,,,,,,,,,,
PP_0950,-1.3847083499238668,2.7284960811320556,,,,,,,,,,,,,,,,,,,,,,,,,,,,
PP_0954,1.0437313918641427,4.6614258224384315,,,,,,,,,,,,,,,,,,,,,,,,,,,,
PP_0956,1.0214291765852588,2.427387297952455,,,,,,,,,,,,,,,,,,,,,,,,,,,,
PP_0959,-1.6166601598467945,5.444030306138434,-1.6166601598467945,5.444030306138434,,,,,,,,,,,,,-1.6166601598467945,5.444030306138434,,,,,,,,,,,,
PP_0988,-4.919947933527912,12.291004573917636,-4.919947933527912,12.291004573917636,,,,,,,,,-2.0639179199177984,5.598459181987021,-4.267169647329939,6.637674333651057,-4.919947933527912,12.291004573917636,,,,,,,,,-2.0639179199177984,5.598459181987021,-4.267169647329939,6.637674333651057
PP_0998,1.9003654128951022,1.434484878170712,,,,,,,,,,,,,-2.7722195372097107,3.7911467650748722,,,,,,,,,,,,,-2.7722195372097107,3.7911467650748722
PP_1006,1.4722352883884982,2.9794484052381014,,,,,,,,,,,,,,,,,,,,,,,,,,,,
PP_1014,1.4471688758156227,2.421805989906659,,,,,,,,,,,,,,,,,,,,,,,,,,,,
PP_1066,-1.804519178607925,2.268873809511486,,,,,,,,,,,,,,,,,,,,,,,,,,,,
PP_1082,-1.3973171658666976,4.783765436917489,,,,,,,,,,,,,,,,,,,,,,,,,,,,
PP_1085,-1.6177970761186282,2.0997010583896123,,,,,,,,,,,,,,,,,,,,,,,,,,,,
PP_1099,-2.1352413769868357,4.764603657994674,-2.1352413769868357,4.764603657994674,,,-2.6439794327667046,6.860669752158407,,,,,,,,,-2.1352413769868357,4.764603657994674,,,-2.6439794327667046,6.860669752158407,,,,,,,,
PP_1122,-1.1220059399583049,2.7615542798593093,,,,,,,,,,,,,,,,,,,,,,,,,,,,
PP_1125,-2.1064154131815656,3.9609582877527774,-2.1064154131815656,3.9609582877527774,,,,,,,,,,,,,-2.1064154131815656,3.9609582877527774,,,,,,,,,,,,
PP_1126,-2.424780678882005,4.780583914519568,-2.424780678882005,4.780583914519568,,,,,,,,,,,,,-2.424780678882005,4.780583914519568,,,,,,,,,,,,
PP_1129,1.974736896976809,1.627010283576264,,,,,,,,,,,,,,,,,,,,,,,,,,,,
PP_1131,2.7034679848557888,1.69487788963369,,,,,,,2.845548667026926,3.862244343408425,,,,,,,,,,,,,2.845548667026926,3.862244343408425,,,,,,
PP_1134,-1.024077049774675,4.811097109089354,,,,,,,,,,,,,,,,,,,,,,,,,,,,
PP_1177,-1.2194109474355872,2.4875602997308732,,,,,,,,,,,,,,,,,,,,,,,,,,,,
PP_1190,-2.1008746874991795,10.038290628296028,-2.1008746874991795,10.038290628296028,,,,,,,,,,,,,-2.1008746874991795,10.038290628296028,,,,,,,,,,,,
PP_1191,1.4041362541963396,1.5520472789519535,,,,,,,,,,,,,,,,,,,,,,,,,,,,
PP_1230,1.169560933583508,1.5978604834233947,,,,,,,,,,,,,,,,,,,,,,,,,,,,
PP_1236,-1.3712272572464939,2.044940605487392,,,,,,,,,,,,,,,,,,,,,,,,,,,,
PP_1272,-2.685464447412892,3.1082725110848695,-2.685464447412892,3.1082725110848695,-2.2121361366826746,5.777334132080533,-3.7350343273548883,6.967867992900068,,,,,-1.9971508840828138,5.597009550832038,,,-2.685464447412892,3.1082725110848695,-2.2121361366826746,5.777334132080533,-3.7350343273548883,6.967867992900068,,,,,-1.9971508840828138,5.597009550832038,,
PP_1302,1.4692627960217353,2.53371800498127,,,,,,,,,,,,,,,,,,,,,,,,,,,,
PP_1309,-1.5631489365034068,2.402824983659151,,,,,,,,,,,,,,,,,,,,,,,,,,,,
PP_1316,-1.16991312206316,10.113268532122415,,,,,,,,,,,,,,,,,,,,,,,,,,,,
PP_1372,1.5326120493482889,2.0396184620054663,,,,,,,,,,,,,,,,,,,,,,,,,,,,
PP_1375,-2.8780631881779692,2.28223458066241,,,,,,,,,,,,,,,,,,,,,,,,,,,,
PP_1385,3.9983937084964376,1.8429977263380215,,,,,,,,,,,,,,,,,,,,,,,,,,,,
PP_1389,-2.0547181606105527,6.197143438311935,-2.0547181606105527,6.197143438311935,,,,,,,-2.0321935414141343,5.827235518031423,,,,,-2.0547181606105527,6.197143438311935,,,,,,,-2.0321935414141343,5.827235518031423,,,,
PP_1399,-4.657604099509253,1.5044753086253837,,,,,,,,,,,,,,,,,,,,,,,,,,,,
PP_1412,6.092880872887643,2.1692509842512715,,,,,,,,,,,,,,,,,,,,,,,,,,,,
PP_1459,-2.153661811266307,4.9699219331223805,-2.153661811266307,4.9699219331223805,,,,,,,,,,,,,-2.153661811266307,4.9699219331223805,,,,,,,,,,,,
PP_1475,1.1743390380668057,6.1895617862366965,,,,,,,,,,,,,,,,,,,,,,,,,,,,
PP_1513,-1.9884621746522109,6.030452531379504,-1.9884621746522109,6.030452531379504,,,,,,,,,,,,,-1.9884621746522109,6.030452531379504,,,,,,,,,,,,
PP_1620,-1.4334297657419472,3.2035627228040178,,,,,,,,,,,,,,,,,,,,,,,,,,,,
PP_1633,1.4173532460257183,2.237801992809516,,,,,,,,,,,,,,,,,,,,,,,,,,,,
PP_1635,1.7766037026841237,3.189613543486809,1.7766037026841237,3.189613543486809,,,,,,,,,,,,,1.7766037026841237,3.189613543486809,,,,,,,,,,,,
PP_1668,-2.604762941136453,3.756161768535616,-2.604762941136453,3.756161768535616,,,,,,,,,,,,,-2.604762941136453,3.756161768535616,,,,,,,,,,,,
PP_1686,-1.348412488468031,1.879802713618354,,,,,1.7371260309534409,7.339698656900957,,,,,,,,,,,,,1.7371260309534409,7.339698656900957,,,,,,,,
PP_1695,1.2396340066549876,2.83532608292554,,,,,,,,,,,,,,,,,,,,,,,,,,,,
PP_1726,1.5122680174826197,12.9875348074043,,,,,,,,,,,,,,,,,,,,,,,,,,,,
PP_1741,1.6845893495579078,2.1744551490716337,,,,,,,,,,,,,,,,,,,,,,,,,,,,
PP_1743,2.38771187914509,2.3751022097720917,,,,,,,,,,,,,,,,,,,,,,,,,,,,
PP_1756,1.3392005949197232,2.4274369354863983,,,,,,,,,,,,,,,,,,,,,,,,,,,,
PP_1776,1.092157190374646,5.411795744489684,,,,,,,,,,,,,,,,,,,,,,,,,,,,
PP_1784,3.616439535022138,3.3253459642476186,3.616439535022138,3.3253459642476186,,,3.510753788404012,4.560493300712148,,,,,,,,,3.616439535022138,3.3253459642476186,,,3.510753788404012,4.560493300712148,,,,,,,,
PP_1789,1.1203637355233445,1.8040267630202778,,,,,,,,,,,,,,,,,,,,,,,,,,,,
PP_1791,1.1575938041877563,4.216103687179081,,,,,,,,,,,,,,,,,,,,,,,,,,,,
PP_1801,1.4812597092745623,8.62881785217767,,,,,,,,,,,,,,,,,,,,,,,,,,,,
PP_1805,-1.3946501129285567,2.4001258383911317,,,,,,,,,,,,,,,,,,,,,,,,,,,,
PP_1816,1.326110533680324,3.393396372882198,,,,,,,,,,,,,,,,,,,,,,,,,,,,
PP_1830,1.00618835993328,11.93885462177243,,,,,,,,,,,,,,,,,,,,,,,,,,,,
PP_1842,1.5035628678565203,2.7019025715514053,,,,,,,,,,,,,,,,,,,,,,,,,,,,
PP_1911,-1.2056521919823122,2.4466420312819848,,,,,,,,,,,,,,,,,,,,,,,,,,,,
PP_1983,-2.2715700407088715,3.7182759832407144,-2.2715700407088715,3.7182759832407144,,,,,,,,,,,,,-2.2715700407088715,3.7182759832407144,,,,,,,,,,,,
PP_1989,1.1369260481886967,9.382182906204331,,,,,,,,,,,,,,,,,,,,,,,,,,,,
PP_1998,1.7419734641116407,2.8979281710200078,,,,,,,,,,,,,,,,,,,,,,,,,,,,
PP_2024,2.3674096220989993,2.1927071817784283,,,,,,,,,,,,,,,,,,,,,,,,,,,,
PP_2053,-1.634405936394495,7.844005951378493,-1.634405936394495,7.844005951378493,,,,,,,,,,,,,-1.634405936394495,7.844005951378493,,,,,,,,,,,,
PP_2087,1.050402893515578,1.808978165252693,,,,,,,,,,,,,,,,,,,,,,,,,,,,
PP_2129,1.5031245111557763,1.547387037297858,,,,,,,,,,,,,,,,,,,,,,,,,,,,
PP_2130,-2.3258631651143546,3.2672016093462557,-2.3258631651143546,3.2672016093462557,,,,,,,,,,,,,-2.3258631651143546,3.2672016093462557,,,,,,,,,,,,
PP_2137,1.1531426287731734,4.34401159028238,,,,,,,,,,,,,,,,,,,,,,,,,,,,
PP_2140,-1.8395055709905044,4.933540003481823,-1.8395055709905044,4.933540003481823,,,,,,,,,,,,,-1.8395055709905044,4.933540003481823,,,,,,,,,,,,
PP_2148,-1.2110640063654263,3.8563701656780607,,,,,,,,,,,,,,,,,,,,,,,,,,,,
PP_2160,-3.2541622983467664,8.07331126489783,-3.2541622983467664,8.07331126489783,,,,,,,,,,,,,-3.2541622983467664,8.07331126489783,,,,,,,,,,,,
PP_2168,1.2732708089374278,9.732730422745135,,,,,,,,,,,,,,,,,,,,,,,,,,,,
PP_2182,-1.7897102954457251,1.3895883056792866,,,,,,,,,,,,,,,,,,,,,,,,,,,,
PP_2209,2.0811597364507257,5.048511276339778,2.0811597364507257,5.048511276339778,,,2.1358329019167988,3.425304912721749,,,,,,,,,2.0811597364507257,5.048511276339778,,,2.1358329019167988,3.425304912721749,,,,,,,,
PP_2214,-1.6308458314855885,1.8441417094565902,,,-2.0291845493546985,3.446766448912926,,,,,,,,,,,,,-2.0291845493546985,3.446766448912926,,,,,,,,,,
PP_2232,-2.1155701557034203,2.9506473333352505,,,,,,,,,,,,,,,,,,,,,,,,,,,,
PP_2233,-1.1669876321530397,7.713520224542533,,,-2.5015401466786678,8.094821634087248,-1.9201897264654508,9.623815313287004,,,,,,,,,,,-2.5015401466786678,8.094821634087248,-1.9201897264654508,9.623815313287004,,,,,,,,
PP_2277,-2.5831547287305447,2.6616301136569076,,,-3.5047877983011144,6.252192112092471,,,,,,,,,,,,,-3.5047877983011144,6.252192112092471,,,,,,,,,,
PP_2296,-2.761387183249528,4.1142416302272995,-2.761387183249528,4.1142416302272995,,,-2.5537019270710437,3.3679543790066084,,,,,,,,,-2.761387183249528,4.1142416302272995,,,-2.5537019270710437,3.3679543790066084,,,,,,,,
PP_2310,1.6287709329666427,1.4790493359307628,,,,,,,,,,,,,,,,,,,,,,,,,,,,
PP_2315,1.4851756009063009,1.6729421662628874,,,,,,,,,,,,,,,,,,,,,,,,,,,,
PP_2330,-1.8000805464725986,2.882135153811502,,,,,,,,,,,,,-2.9923877287158316,3.9819831877163425,,,,,,,,,,,,,-2.9923877287158316,3.9819831877163425
PP_2345,-1.528881050185683,1.668991154349422,,,,,,,,,,,,,,,,,,,,,,,,,,,,
PP_2356,-1.099150147849949,1.6502953383025079,,,,,,,,,,,,,,,,,,,,,,,,,,,,
PP_2371,1.1652034614760474,7.5816457755672015,,,,,,,,,,,,,,,,,,,,,,,,,,,,
PP_2379,6.061449805462197,1.6379910828216402,,,,,,,,,,,,,,,,,,,,,,,,,,,,
PP_2380,3.3397490624408337,2.178974770923397,,,,,3.3037104846009835,3.9424480038440763,3.4057692705319345,3.932889488219738,3.1463543339455997,5.786037212291304,2.9267026298140713,4.431221859604539,,,,,,,3.3037104846009835,3.9424480038440763,3.4057692705319345,3.932889488219738,3.1463543339455997,5.786037212291304,2.9267026298140713,4.431221859604539,,
PP_2424,1.4701235242322275,4.750723245561399,,,,,,,,,,,,,,,,,,,,,,,,,,,,
PP_2662,-5.627789649764286,3.5986430879087914,-5.627789649764286,3.5986430879087914,-3.4289641431304623,3.2174762886907424,-6.408235032947918,3.635359285845177,,,,,,,,,-5.627789649764286,3.5986430879087914,-3.4289641431304623,3.2174762886907424,-6.408235032947918,3.635359285845177,,,,,,,,
PP_2663,-3.2215758291558196,5.316936215883628,-3.2215758291558196,5.316936215883628,-4.396822590393991,5.684148876358892,,,-1.6285341676343639,3.1035034536657937,,,,,1.796914462452642,7.425478371112316,-3.2215758291558196,5.316936215883628,-4.396822590393991,5.684148876358892,,,-1.6285341676343639,3.1035034536657937,,,,,1.796914462452642,7.425478371112316
PP_2664,-3.860609414001073,4.362330328561086,-3.860609414001073,4.362330328561086,-4.256118633936942,4.452886173958969,-4.641055987174918,4.510511832336708,,,,,,,2.5660041777961164,3.7469706481631735,-3.860609414001073,4.362330328561086,-4.256118633936942,4.452886173958969,-4.641055987174918,4.510511832336708,,,,,,,2.5660041777961164,3.7469706481631735
PP_2665,-4.255390394199592,5.8069193898874225,-4.255390394199592,5.8069193898874225,-4.54774195930873,5.884612971964237,-5.035836967373437,5.93540135806821,,,,,,,,,-4.255390394199592,5.8069193898874225,-4.54774195930873,5.884612971964237,-5.035836967373437,5.93540135806821,,,,,,,,
PP_2666,-1.6700559866175169,1.9324204970254912,,,-3.8081552157668237,7.561177625516229,-2.1880279562464726,3.1335931606972744,,,,,,,,,,,-3.8081552157668237,7.561177625516229,-2.1880279562464726,3.1335931606972744,,,,,,,,
PP_2668,-4.7296021435220945,5.487560969473546,-4.7296021435220945,5.487560969473546,-5.834987247484296,5.623796378907591,-5.510048716695939,5.576643660539932,,,,,,,,,-4.7296021435220945,5.487560969473546,-5.834987247484296,5.623796378907591,-5.510048716695939,5.576643660539932,,,,,,,,
PP_2674,-1.7650992968770693,2.159680656458069,,,-3.329872323575774,5.697279498944034,-2.354450589309444,4.452362128933149,-1.6283141973056776,3.329501766401835,,,,,,,,,-3.329872323575774,5.697279498944034,-2.354450589309444,4.452362128933149,-1.6283141973056776,3.329501766401835,,,,,,
PP_2677,-2.0913069990321844,1.941648156175358,,,,,,,,,,,,,3.8256666091190565,3.71068271208305,,,,,,,,,,,,,3.8256666091190565,3.71068271208305
PP_2678,-1.9028242387504646,2.6434621663747877,,,-3.8912431076717287,4.278798994982599,-4.379338115736436,4.37164315153321,-2.6864931705876125,3.7655150835910622,,,,,,,,,-3.8912431076717287,4.278798994982599,-4.379338115736436,4.37164315153321,-2.6864931705876125,3.7655150835910622,,,,,,
PP_2680,-3.1068900997835374,5.207054641188432,-3.1068900997835374,5.207054641188432,-4.290413005746277,5.682210815431261,-3.4510241758500744,5.4385428990943465,-1.8910494297041727,3.9908403014317138,,,,,,,-3.1068900997835374,5.207054641188432,-4.290413005746277,5.682210815431261,-3.4510241758500744,5.4385428990943465,-1.8910494297041727,3.9908403014317138,,,,,,
PP_2791,1.5175184474912258,1.8843710194476004,,,,,1.6620795933449357,8.834424814732333,,,,,,,,,,,,,1.6620795933449357,8.834424814732333,,,,,,,,
PP_2793,2.4846992251431983,3.5924123906374943,2.4846992251431983,3.5924123906374943,,,2.456178625261445,8.201498306841843,,,,,,,,,2.4846992251431983,3.5924123906374943,,,2.456178625261445,8.201498306841843,,,,,,,,
PP_2794,2.1321343767453724,4.853793334214623,2.1321343767453724,4.853793334214623,,,,,,,,,,,,,2.1321343767453724,4.853793334214623,,,,,,,,,,,,
PP_2845,1.2741112606598484,13.538849770449128,,,,,,,,,,,,,,,,,,,,,,,,,,,,
PP_2876,2.3182145521129947,1.337064517065439,,,,,2.3238976395228734,3.597048432520242,,,,,,,,,,,,,2.3238976395228734,3.597048432520242,,,,,,,,
PP_3067,-2.4924654082657223,3.556634481574913,-2.4924654082657223,3.556634481574913,,,,,,,,,,,,,-2.4924654082657223,3.556634481574913,,,,,,,,,,,,
PP_3079,-1.5367595951479838,3.978766750725413,,,,,,,,,,,,,,,,,,,,,,,,,,,,
PP_3092,-2.3524757021201483,4.892530802964891,-2.3524757021201483,4.892530802964891,-4.768598007862468,6.0345713994027275,,,-3.7740488720846717,5.815719385465152,-1.7840701605743843,4.38052754856866,,,-2.489921132333802,4.549009327203854,-2.3524757021201483,4.892530802964891,-4.768598007862468,6.0345713994027275,,,-3.7740488720846717,5.815719385465152,-1.7840701605743843,4.38052754856866,,,-2.489921132333802,4.549009327203854
PP_3099,-1.4182108823712323,1.6556279311306703,,,,,,,,,,,,,,,,,,,,,,,,,,,,
PP_3100,-1.8708072791020647,2.9835477158994363,,,,,,,,,,,,,,,,,,,,,,,,,,,,
PP_3107,1.847016712149759,2.011505937272784,,,,,,,,,,,,,,,,,,,,,,,,,,,,
PP_3123,-3.5186049612005754,3.3239345678213406,-3.5186049612005754,3.3239345678213406,,,,,,,,,,,,,-3.5186049612005754,3.3239345678213406,,,,,,,,,,,,
PP_3129,1.7903035520387198,2.1746455855810636,,,,,2.048986537755114,9.579168741153993,,,,,,,,,,,,,2.048986537755114,9.579168741153993,,,,,,,,
PP_3133,1.331797126767608,2.7403011539568998,,,,,,,,,,,,,,,,,,,,,,,,,,,,
PP_3135,3.0369785119450126,2.0646057785627216,,,,,,,,,,,,,,,,,,,,,,,,,,,,
PP_3139,1.5818361259294218,2.5274789238823696,,,,,,,,,,,,,,,,,,,,,,,,,,,,
PP_3140,1.3286541165032408,5.606917744487728,,,,,1.8652192429277739,5.3160691913146705,,,,,,,,,,,,,1.8652192429277739,5.3160691913146705,,,,,,,,
PP_3154,2.0800449919046287,1.3462182095130406,,,,,,,,,,,,,,,,,,,,,,,,,,,,
PP_3157,1.3462485398328308,4.141226681168449,,,,,,,,,,,,,,,,,,,,,,,,,,,,
PP_3227,-1.8265994062211177,2.213899053734251,,,,,,,,,,,,,,,,,,,,,,,,,,,,
PP_3379,-1.2249732272554792,3.6302631915004606,,,,,,,,,,,,,-2.5398459728480423,11.593855183390568,,,,,,,,,,,,,-2.5398459728480423,11.593855183390568
PP_3415,-1.386528034310914,2.390251653917471,,,-1.783906519763458,3.0155110411708304,,,-1.6337477489459094,3.925637854432896,,,,,,,,,-1.783906519763458,3.0155110411708304,,,-1.6337477489459094,3.925637854432896,,,,,,
PP_3455,1.1204989659519016,2.570836493913104,,,,,,,,,,,,,,,,,,,,,,,,,,,,
PP_3492,1.0816482195801909,1.5941583831764712,,,,,,,,,,,,,,,,,,,,,,,,,,,,
PP_3549,-2.8277816099766424,5.864677817902119,-2.8277816099766424,5.864677817902119,-2.956077086310177,6.84686091403158,-2.060923193770858,5.317173294421273,-1.9847895514868104,5.023131894252523,-2.142483916046483,6.325642144532122,-2.4451971584291288,6.686605991382427,,,-2.8277816099766424,5.864677817902119,-2.956077086310177,6.84686091403158,-2.060923193770858,5.317173294421273,-1.9847895514868104,5.023131894252523,-2.142483916046483,6.325642144532122,-2.4451971584291288,6.686605991382427,,
PP_3650,2.8084588217707354,3.2680924342348927,2.8084588217707354,3.2680924342348927,,,2.854643659255167,3.1970017260626644,,,,,,,,,2.8084588217707354,3.2680924342348927,,,2.854643659255167,3.1970017260626644,,,,,,,,
PP_3680,1.7464632788770935,1.54010099149055,,,,,,,,,,,,,,,,,,,,,,,,,,,,
PP_3693,-1.1492460225327674,1.5366508008758266,,,,,,,,,,,,,,,,,,,,,,,,,,,,
PP_3705,1.3662790980273962,2.1505213847275813,,,,,,,,,,,,,,,,,,,,,,,,,,,,
PP_3706,1.9622791729064508,2.281150075969265,,,,,,,,,,,,,,,,,,,,,,,,,,,,
PP_3738,-2.8065989468095123,2.87614240789052,,,-3.2135774438846743,3.177328368756687,,,,,,,,,,,,,-3.2135774438846743,3.177328368756687,,,,,,,,,,
PP_3775,3.066306070378154,1.831827010882433,,,,,,,,,,,,,,,,,,,,,,,,,,,,
PP_3778,2.4204120306152945,2.1498981348630126,,,,,,,,,,,,,,,,,,,,,,,,,,,,
PP_3783,3.78479243549049,7.73553900254786,3.78479243549049,7.73553900254786,,,,,,,,,,,,,3.78479243549049,7.73553900254786,,,,,,,,,,,,
PP_3784,4.446980527413662,2.8578740247874417,,,,,,,,,,,,,,,,,,,,,,,,,,,,
PP_3787,3.544833677848613,1.8180703973164958,,,,,,,,,,,,,,,,,,,,,,,,,,,,
PP_3834,1.5662166656777383,1.3561558799335927,,,,,,,,,,,-1.9530378750390884,5.583029669560706,,,,,,,,,,,,,-1.9530378750390884,5.583029669560706,,
PP_3948,-3.572114491549759,6.195756127407488,-3.572114491549759,6.195756127407488,-4.2003070043041415,6.470828543604076,,,-4.584113053098948,6.468476360589691,-4.831205429278214,6.5121754635585285,-3.78604874237342,6.374069861179776,,,-3.572114491549759,6.195756127407488,-4.2003070043041415,6.470828543604076,,,-4.584113053098948,6.468476360589691,-4.831205429278214,6.5121754635585285,-3.78604874237342,6.374069861179776,,
PP_3988,1.3211696657509047,2.4616979125972573,,,,,,,,,,,,,,,,,,,,,,,,,,,,
PP_3997,-3.1057910795541157,5.748838382851135,-3.1057910795541157,5.748838382851135,,,,,,,,,,,,,-3.1057910795541157,5.748838382851135,,,,,,,,,,,,
PP_4005,-1.8694262079391348,1.6847814245876527,,,,,,,,,,,,,,,,,,,,,,,,,,,,
PP_4015,2.328395996414294,3.8185860940627294,2.328395996414294,3.8185860940627294,,,1.7214105770929404,8.250376730189203,,,,,,,,,2.328395996414294,3.8185860940627294,,,1.7214105770929404,8.250376730189203,,,,,,,,
PP_4115,1.5559627270501757,1.5510962690108665,,,,,,,,,,,,,,,,,,,,,,,,,,,,
PP_4116,-2.7029844333843216,4.768930444349013,-2.7029844333843216,4.768930444349013,-3.1514061469307446,5.0312659153996835,-2.8172791811050972,4.847981813759233,-1.6156496810627958,3.6253538494704802,,,,,,,-2.7029844333843216,4.768930444349013,-3.1514061469307446,5.0312659153996835,-2.8172791811050972,4.847981813759233,-1.6156496810627958,3.6253538494704802,,,,,,
PP_4167,-3.5376094338379636,5.621904806991644,-3.5376094338379636,5.621904806991644,,,,,,,,,,,,,-3.5376094338379636,5.621904806991644,,,,,,,,,,,,
PP_4178,1.057933047914779,13.87764215703146,,,,,,,,,,,,,,,,,,,,,,,,,,,,
PP_4185,-1.4966637051351928,3.2641881475822485,,,-1.6591551413479666,5.467838747576412,,,,,,,,,,,,,-1.6591551413479666,5.467838747576412,,,,,,,,,,
PP_4186,-1.6346350521536706,17.48866439765329,-1.6346350521536706,17.48866439765329,,,-1.7241083334989737,11.672408769850588,,,,,,,-1.684811381039793,16.889229962291168,-1.6346350521536706,17.48866439765329,,,-1.7241083334989737,11.672408769850588,,,,,,,-1.684811381039793,16.889229962291168
PP_4213,1.4722352883884982,2.9794484052381014,,,,,,,,,,,,,,,,,,,,,,,,,,,,
PP_4214,1.5380530221824533,1.896294783758654,,,,,,,,,,,,,,,,,,,,,,,,,,,,
PP_4216,1.5380530221824533,1.896294783758654,,,,,,,,,,,,,,,,,,,,,,,,,,,,
PP_4217,6.108891997002726,1.7738469469522218,,,,,,,,,,,,,,,,,,,,,,,,,,,,
PP_4220,1.5380530221824533,1.896294783758654,,,,,,,,,,,,,,,,,,,,,,,,,,,,
PP_4249,-2.4403562606139757,2.334776251646584,,,,,,,,,,,,,,,,,,,,,,,,,,,,
PP_4251,1.3210318621526806,1.6871501648065466,,,,,,,,,,,,,,,,,,,,,,,,,,,,
PP_4256,1.0125485904014657,5.4935345801450985,,,,,,,,,,,,,,,,,,,,,,,,,,,,
PP_4264,-2.3066859968623934,1.706505504465284,,,,,,,,,,,,,,,,,,,,,,,,,,,,
PP_4266,1.2462591457862051,1.8314408359173924,,,,,,,,,,,,,,,,,,,,,,,,,,,,
PP_4268,1.138515704485934,1.4601954778225212,,,,,,,,,,,,,,,,,,,,,,,,,,,,
PP_4276,-2.6035236732219937,4.614847173527994,-2.6035236732219937,4.614847173527994,,,,,,,,,,,,,-2.6035236732219937,4.614847173527994,,,,,,,,,,,,
PP_4278,1.4446724815458367,1.872024630346268,,,,,,,,,,,,,,,,,,,,,,,,,,,,
PP_4285,1.5528520751274109,5.200045246382342,,,,,,,,,,,,,,,,,,,,,,,,,,,,
PP_4299,3.463186417123986,3.071522307149124,3.463186417123986,3.071522307149124,,,3.9886443451965587,3.1703143291272875,,,,,,,,,3.463186417123986,3.071522307149124,,,3.9886443451965587,3.1703143291272875,,,,,,,,
PP_4305,1.0892442060579843,2.89762048709486,,,,,,,,,,,,,,,,,,,,,,,,,,,,
PP_4343,1.9362623629634574,2.555101208579501,,,,,,,,,,,,,,,,,,,,,,,,,,,,
PP_4362,-2.9657360499581285,4.844285194407986,-2.9657360499581285,4.844285194407986,,,,,,,,,,,,,-2.9657360499581285,4.844285194407986,,,,,,,,,,,,
PP_4392,1.258699658419585,1.312957565778487,,,,,,,,,,,,,,,,,,,,,,,,,,,,
PP_4448,1.0358419365210112,1.4536458278872315,,,,,,,,,,,,,,,,,,,,,,,,,,,,
PP_4471,-3.3465238371303307,8.33031188250569,-3.3465238371303307,8.33031188250569,,,,,,,,,-1.9660271485124818,4.7106513406691795,-4.33590604985653,8.813090126480557,-3.3465238371303307,8.33031188250569,,,,,,,,,-1.9660271485124818,4.7106513406691795,-4.33590604985653,8.813090126480557
PP_4475,1.1162192684271022,2.4722808441298985,,,,,,,,,,,,,,,,,,,,,,,,,,,,
PP_4480,-1.063151001982236,1.3615646599938958,,,,,,,,,,,,,,,,,,,,,,,,,,,,
PP_4516,-1.4677146790522766,2.198901633983615,,,,,,,,,,,,,,,,,,,,,,,,,,,,
PP_4541,1.8057592729109357,1.7803143651767788,,,,,,,,,,,,,,,,,,,,,,,,,,,,
PP_4552,-1.6869067995448956,2.644038516594442,,,,,,,,,,,,,,,,,,,,,,,,,,,,
PP_4554,2.729936107367054,6.605701551107846,2.729936107367054,6.605701551107846,,,,,2.2687837564394617,3.480419118065903,,,,,,,2.729936107367054,6.605701551107846,,,,,2.2687837564394617,3.480419118065903,,,,,,
PP_4555,1.4017953378269763,1.9044793423333841,,,,,1.8633918653830515,8.226211579878157,,,,,,,,,,,,,1.8633918653830515,8.226211579878157,,,,,,,,
PP_4570,1.447131026245696,2.2674712606632097,,,,,,,,,,,,,,,,,,,,,,,,,,,,
PP_4576,2.69419271683129,1.9861516181865713,,,,,,,,,,,,,,,,,,,,,,,,,,,,
PP_4594,3.853572032898873,1.3401902910797818,,,,,,,,,,,,,,,,,,,,,,,,,,,,
PP_4601,3.6667569676941065,2.7199422932064197,,,,,3.199953077228731,3.521350716763744,,,,,,,,,,,,,3.199953077228731,3.521350716763744,,,,,,,,
PP_4636,-3.863225310933072,7.4757591709133635,-3.863225310933072,7.4757591709133635,,,,,,,-2.132128381069389,5.7211894998598725,,,,,-3.863225310933072,7.4757591709133635,,,,,,,-2.132128381069389,5.7211894998598725,,,,
PP_4641,1.1750356023759685,1.9123240497004967,,,,,,,,,,,,,,,,,,,,,,,,,,,,
PP_4642,1.5947367207636216,2.48022135544155,,,,,,,,,,,,,,,,,,,,,,,,,,,,
PP_4651,2.3708417092744627,1.5936971179249981,,,,,2.775049335322994,7.027327942974772,,,,,2.2678739523776748,3.2923357744468706,,,,,,,2.775049335322994,7.027327942974772,,,,,2.2678739523776748,3.2923357744468706,,
PP_4657,1.3300009370899168,1.8926983598146023,,,,,,,,,,,,,,,,,,,,,,,,,,,,
PP_4672,-1.7963902857726985,1.506100660575789,,,,,,,,,,,,,,,,,,,,,,,,,,,,
PP_4693,1.2718983134924589,4.172196725217109,,,,,,,,,,,,,,,,,,,,,,,,,,,,
PP_4711,-1.517807857745369,2.259481039768722,,,,,,,,,,,,,,,,,,,,,,,,,,,,
PP_4720,-1.4489920892216201,4.109756358301852,,,,,,,,,,,,,,,,,,,,,,,,,,,,
PP_4728,-1.1253344506748677,3.696863455513381,,,,,,,,,,,,,,,,,,,,,,,,,,,,
PP_4785,-1.966553641090907,4.2455707539339596,-1.966553641090907,4.2455707539339596,,,,,,,,,,,,,-1.966553641090907,4.2455707539339596,,,,,,,,,,,,
PP_4790,1.2140138616982357,2.9925829893551117,,,,,,,,,,,,,,,,,,,,,,,,,,,,
PP_4805,2.202450595491841,2.248992158129509,,,,,,,,,,,,,,,,,,,,,,,,,,,,
PP_4808,-3.0713190385279465,8.51740008833137,-3.0713190385279465,8.51740008833137,,,,,,,,,,,,,-3.0713190385279465,8.51740008833137,,,,,,,,,,,,
PP_4827,-2.0296034255924926,3.482739650260312,-2.0296034255924926,3.482739650260312,,,,,,,,,,,,,-2.0296034255924926,3.482739650260312,,,,,,,,,,,,
PP_4834,2.4978712709907933,2.02487146703744,,,,,,,,,,,,,,,,,,,,,,,,,,,,
PP_4841,1.3163195198101807,1.7330110983900644,,,,,,,,,,,,,,,,,,,,,,,,,,,,
PP_4842,3.118802408764871,1.6815093388313629,,,,,3.353366699609901,3.178163312161472,,,,,,,,,,,,,3.353366699609901,3.178163312161472,,,,,,,,
PP_4856,-1.4984994955100541,4.94393296778338,,,,,-1.5853096777010443,3.5973248810468457,,,,,,,,,,,,,-1.5853096777010443,3.5973248810468457,,,,,,,,
PP_4863,2.098916338584918,5.635957085956834,2.098916338584918,5.635957085956834,,,2.4019247266257335,5.938508312781537,,,,,2.3454747152026565,4.69590490195348,,,2.098916338584918,5.635957085956834,,,2.4019247266257335,5.938508312781537,,,,,2.3454747152026565,4.69590490195348,,
PP_4868,1.3516469986747859,1.8506794142778766,,,,,,,,,,,,,,,,,,,,,,,,,,,,
PP_4896,1.285088347673886,1.7457267108123287,,,,,,,,,,,,,,,,,,,,,,,,,,,,
PP_4905,-2.2444774852956533,1.9423155115547526,,,,,,,,,,,,,,,,,,,,,,,,,,,,
PP_4906,-1.8879000232194243,2.2870800997172456,,,,,,,,,,,,,,,,,,,,,,,,,,,,
PP_5008,-2.7305721450372165,1.464601849410602,,,,,,,,,,,,,2.6264941081577913,10.32638792213392,,,,,,,,,,,,,2.6264941081577913,10.32638792213392
PP_5015,-1.8132568002022467,1.9218130509608349,,,,,-3.3329984024156873,10.713676026857827,1.8845963135576784,5.319232471543329,,,,,,,,,,,-3.3329984024156873,10.713676026857827,1.8845963135576784,5.319232471543329,,,,,,
PP_5024,1.3057293620529842,2.523784976576225,,,,,,,,,,,,,,,,,,,,,,,,,,,,
PP_5057,-3.7524573740743374,2.512257832868152,,,,,,,,,,,,,,,,,,,,,,,,,,,,
PP_5063,1.5984567038643034,1.8629146793788023,,,,,,,1.6130432885250512,5.473229813455397,,,,,,,,,,,,,1.6130432885250512,5.473229813455397,,,,,,
PP_5079,2.5078882381243184,2.4951865742572124,,,,,1.769281701349789,3.0343364844826035,,,,,,,,,,,,,1.769281701349789,3.0343364844826035,,,,,,,,
PP_5084,-1.5332983197942671,3.554658554262121,,,,,,,,,,,,,,,,,,,,,,,,,,,,
PP_5099,2.2788278234561843,2.681499446959123,,,,,2.351466394219961,3.498634459798771,,,,,,,1.9448563966767392,6.9566026408509,,,,,2.351466394219961,3.498634459798771,,,,,,,1.9448563966767392,6.9566026408509
PP_5120,1.5945130484579308,2.31017628566997,,,,,,,,,,,,,,,,,,,,,,,,,,,,
PP_5126,-1.737829633803296,1.9221630427922827,,,,,,,,,,,,,,,,,,,,,,,,,,,,
PP_5145,1.5790899124339999,6.668673888084719,,,,,,,,,,,,,,,,,,,,,,,,,,,,
PP_5149,1.1384718569495487,2.2332031342768977,,,,,,,,,,,,,,,,,,,,,,,,,,,,
PP_5160,4.0250056856722285,2.453486039428333,,,,,3.810361974764394,3.1947433311263844,,,,,,,,,,,,,3.810361974764394,3.1947433311263844,,,,,,,,
PP_5171,1.0895570014471172,1.4221652281639263,,,,,,,,,,,,,,,,,,,,,,,,,,,,
PP_5182,-2.6337780712412093,3.411093462019234,-2.6337780712412093,3.411093462019234,-2.144553429317308,3.560568758515859,,,,,,,,,,,-2.6337780712412093,3.411093462019234,-2.144553429317308,3.560568758515859,,,,,,,,,,
PP_5200,-1.1063483489296912,1.4179382707914276,,,,,,,,,-1.9336759380622341,3.833200673830768,-2.076627526230195,3.986483380587057,,,,,,,,,,,-1.9336759380622341,3.833200673830768,-2.076627526230195,3.986483380587057,,
PP_5206,1.1079628417667535,1.399493920510778,,,,,,,,,,,,,,,,,,,,,,,,,,,,
PP_5233,1.0954020284983939,7.421697105865994,,,,,,,,,,,,,,,,,,,,,,,,,,,,
PP_5234,1.5237838943318889,1.5387486355384994,,,,,,,2.96318862327263,3.7595381713046194,,,,,,,,,,,,,2.96318862327263,3.7595381713046194,,,,,,
PP_5258,1.6065318143745535,1.6046143549649543,,,,,,,,,,,,,,,,,,,,,,,,,,,,
PP_5283,1.340100639198405,2.0582070668450463,,,,,,,,,,,,,,,,,,,,,,,,,,,,
PP_5286,-1.4181190837364104,1.5446620709607708,,,-4.0446576988446505,6.103152686651535,,,-1.8041096653132132,4.6652716448572935,,,,,,,,,-4.0446576988446505,6.103152686651535,,,-1.8041096653132132,4.6652716448572935,,,,,,
PP_5322,2.2159299491241566,2.016486404108479,,,,,,,,,,,,,,,,,,,,,,,,,,,,
PP_5325,-1.7572631175163682,2.2880400023588194,,,,,,,,,,,,,,,,,,,,,,,,,,,,
PP_5331,-2.1313687298079436,1.8637766289013116,,,,,,,,,,,,,,,,,,,,,,,,,,,,
PP_5338,1.268225922798455,2.399019951845991,,,,,,,,,,,,,,,,,,,,,,,,,,,,
PP_5345,3.8498020521764325,1.943246914065848,,,,,,,,,,,,,,,,,,,,,,,,,,,,
PP_5350,-3.445172619522877,8.980273831077765,-3.445172619522877,8.980273831077765,,,,,,,,,-1.9107382774612658,3.003585095959395,-4.756482682293415,9.589735630471857,-3.445172619522877,8.980273831077765,,,,,,,,,-1.9107382774612658,3.003585095959395,-4.756482682293415,9.589735630471857
PP_5351,1.509139741401209,1.3028475901967318,,,,,,,,,,,,,-1.840915558953964,3.049810340444189,,,,,,,,,,,,,-1.840915558953964,3.049810340444189
PP_5366,-2.0554808264159594,1.4276627697121766,,,,,,,,,,,,,,,,,,,,,,,,,,,,
PP_0178,,,,,-2.1578190492544724,4.410401208348691,,,,,,,,,,,,,-2.1578190492544724,4.410401208348691,,,,,,,,,,
PP_0377,,,,,-5.175910724986291,3.3998453238984254,,,,,,,,,,,,,-5.175910724986291,3.3998453238984254,,,,,,,,,,
PP_0399,,,,,-1.6918401723472938,4.704091693081219,,,,,,,,,,,,,-1.6918401723472938,4.704091693081219,,,,,,,,,,
PP_0586,,,,,-2.4435907148457927,4.33712261624363,,,,,,,,,,,,,-2.4435907148457927,4.33712261624363,,,,,,,,,,
PP_0596,,,,,-3.966000783462061,12.756975798986963,,,,,-1.7812786835026495,8.370952755949725,,,-1.9958972029699114,3.343322072252137,,,-3.966000783462061,12.756975798986963,,,,,-1.7812786835026495,8.370952755949725,,,-1.9958972029699114,3.343322072252137
PP_0624,,,,,-2.2663436632550926,3.000526755699682,,,,,,,,,,,,,-2.2663436632550926,3.000526755699682,,,,,,,,,,
PP_0734,,,,,-1.9781697037456252,4.450413006350398,,,,,,,,,,,,,-1.9781697037456252,4.450413006350398,,,,,,,,,,
PP_0735,,,,,-2.0705922891273754,3.6781808006032772,,,,,,,,,,,,,-2.0705922891273754,3.6781808006032772,,,,,,,,,,
PP_0756,,,,,-1.6119418733991586,3.1475597846298387,,,,,,,,,,,,,-1.6119418733991586,3.1475597846298387,,,,,,,,,,
PP_0987,,,,,-3.559260222808547,4.8207730238437065,,,,,,,,,,,,,-3.559260222808547,4.8207730238437065,,,,,,,,,,
PP_1499,,,,,-2.4327475213120566,4.8271585383556515,,,,,,,,,,,,,-2.4327475213120566,4.8271585383556515,,,,,,,,,,
PP_1997,,,,,-2.2753636489760454,4.144313736207741,,,,,,,,,,,,,-2.2753636489760454,4.144313736207741,,,,,,,,,,
PP_2220,,,,,-2.08019017562265,3.994098332682637,,,,,,,,,-1.6817929856359342,3.9429440206762303,,,-2.08019017562265,3.994098332682637,,,,,,,,,-1.6817929856359342,3.9429440206762303
PP_2669,,,,,-3.803646640661285,4.721462173527656,,,-2.657907203618212,4.203641670290496,,,,,,,,,-3.803646640661285,4.721462173527656,,,-2.657907203618212,4.203641670290496,,,,,,
PP_3146,,,,,-6.161099240622036,5.5026607673445955,,,-6.708815037289161,5.511612598550995,,,,,,,,,-6.161099240622036,5.5026607673445955,,,-6.708815037289161,5.511612598550995,,,,,,
PP_3148,,,,,-4.253073173561582,9.15604126947493,,,-2.204642014249834,5.17032331894517,-3.066595822289747,5.8915871215271425,-2.9772545791772753,8.432663156190129,-5.168874016396251,9.262298639337155,,,-4.253073173561582,9.15604126947493,,,-2.204642014249834,5.17032331894517,-3.066595822289747,5.8915871215271425,-2.9772545791772753,8.432663156190129,-5.168874016396251,9.262298639337155
PP_3380,,,,,-1.9060457713717815,5.199280053598261,,,,,,,,,,,,,-1.9060457713717815,5.199280053598261,,,,,,,,,,
PP_3433,,,,,-1.6512674757981762,4.3141172585464735,,,,,,,,,,,,,-1.6512674757981762,4.3141172585464735,,,,,,,,,,
PP_4316,,,,,-1.9511922133216557,3.3611287380870256,,,,,,,,,,,,,-1.9511922133216557,3.3611287380870256,,,,,,,,,,
PP_4632,,,,,-2.015670934098953,3.127932323717643,,,-2.4095842827621796,5.601425863978283,,,,,,,,,-2.015670934098953,3.127932323717643,,,-2.4095842827621796,5.601425863978283,,,,,,
PP_4800,,,,,-1.8787585275588903,4.347224425855875,,,,,,,,,,,,,-1.8787585275588903,4.347224425855875,,,,,,,,,,
PP_4911,,,,,-2.7815271622478113,6.217933372372486,,,,,,,,,,,,,-2.7815271622478113,6.217933372372486,,,,,,,,,,
PP_4916,,,,,-1.9626479792552312,4.2179996215246724,,,,,,,,,,,,,-1.9626479792552312,4.2179996215246724,,,,,,,,,,
PP_5045,,,,,-1.8373358552874484,5.400107033514199,,,,,,,,,,,,,-1.8373358552874484,5.400107033514199,,,,,,,,,,
PP_5288,,,,,-2.0200026352838645,3.6439788799951045,,,,,,,,,,,,,-2.0200026352838645,3.6439788799951045,,,,,,,,,,
PP_0168,,,,,,,-3.418129736055237,4.550742675223314,,,,,,,,,,,,,-3.418129736055237,4.550742675223314,,,,,,,,
PP_0203,,,,,,,4.280866228675014,3.0555363733508845,,,,,,,,,,,,,4.280866228675014,3.0555363733508845,,,,,,,,
PP_0774,,,,,,,2.1851235596420793,3.837835944473365,,,,,,,,,,,,,2.1851235596420793,3.837835944473365,,,,,,,,
PP_1232,,,,,,,1.8749646357148315,3.6991693678534183,,,,,,,,,,,,,1.8749646357148315,3.6991693678534183,,,,,,,,
PP_1384,,,,,,,3.495647470250688,3.6609721152717394,,,,,,,,,,,,,3.495647470250688,3.6609721152717394,,,,,,,,
PP_1618,,,,,,,1.7813006675161933,9.23187166617119,,,,,,,,,,,,,1.7813006675161933,9.23187166617119,,,,,,,,
PP_1832,,,,,,,2.759034230090359,3.303572241176646,,,,,,,,,,,,,2.759034230090359,3.303572241176646,,,,,,,,
PP_2161,,,,,,,-1.6857400113096477,4.438511792502326,,,,,,,,,,,,,-1.6857400113096477,4.438511792502326,,,,,,,,
PP_2354,,,,,,,1.7428970702230213,10.577881816185219,,,,,,,,,,,,,1.7428970702230213,10.577881816185219,,,,,,,,
PP_3155,,,,,,,2.6216101363031448,3.647842459433381,,,,,,,,,,,,,2.6216101363031448,3.647842459433381,,,,,,,,
PP_3758,,,,,,,1.6810389085810977,3.9691695218507,,,,,,,,,,,,,1.6810389085810977,3.9691695218507,,,,,,,,
PP_4269,,,,,,,-2.0208392622897886,10.56797000801863,,,,,,,,,,,,,-2.0208392622897886,10.56797000801863,,,,,,,,
PP_4298,,,,,,,3.620855804076469,3.5634792543965434,,,,,,,,,,,,,3.620855804076469,3.5634792543965434,,,,,,,,
PP_4460,,,,,,,2.452230219302692,4.040780427070094,,,,,,,,,,,,,2.452230219302692,4.040780427070094,,,,,,,,
PP_5341,,,,,,,3.072513754135457,5.217719026108086,,,,,,,,,,,,,3.072513754135457,5.217719026108086,,,,,,,,
PP_0046,,,,,,,,,-4.667537753734384,3.9575114717992803,,,,,,,,,,,,,-4.667537753734384,3.9575114717992803,,,,,,
PP_0544,,,,,,,,,1.7184708701794522,3.1224759920960237,,,,,,,,,,,,,1.7184708701794522,3.1224759920960237,,,,,,
PP_1622,,,,,,,,,2.3018476345674137,3.066611338738361,,,,,,,,,,,,,2.3018476345674137,3.066611338738361,,,,,,
PP_3126,,,,,,,,,3.770042424591528,3.0379262280968673,,,,,,,,,,,,,3.770042424591528,3.0379262280968673,,,,,,
PP_3212,,,,,,,,,2.0094225333010116,3.2015163776731703,,,,,,,,,,,,,2.0094225333010116,3.2015163776731703,,,,,,
PP_4197,,,,,,,,,1.7354472502222704,7.281161592579062,,,,,,,,,,,,,1.7354472502222704,7.281161592579062,,,,,,
PP_4250,,,,,,,,,1.7143918899251955,4.133081249568905,,,,,,,,,,,,,1.7143918899251955,4.133081249568905,,,,,,
PP_4908,,,,,,,,,1.741595292369653,3.4897739863267883,,,,,,,,,,,,,1.741595292369653,3.4897739863267883,,,,,,
PP_5113,,,,,,,,,2.688936118355943,3.0081818676034393,,,,,,,,,,,,,2.688936118355943,3.0081818676034393,,,,,,
PP_5310,,,,,,,,,-1.7949540594556617,3.899645494741591,,,,,,,,,,,,,-1.7949540594556617,3.899645494741591,,,,,,
PP_0423,,,,,,,,,,,-2.261378114083653,3.213671434134039,,,-2.7051762289478627,3.209387497973417,,,,,,,,,-2.261378114083653,3.213671434134039,,,-2.7051762289478627,3.209387497973417
PP_0694,,,,,,,,,,,-3.3232443204257462,5.258656870148234,-2.4302551552358636,4.719806701870159,-3.933689007861303,5.450578314727246,,,,,,,,,-3.3232443204257462,5.258656870148234,-2.4302551552358636,4.719806701870159,-3.933689007861303,5.450578314727246
PP_0747,,,,,,,,,,,-3.430929491628753,9.349558081304027,-3.4571875289238823,10.095580204225696,-5.181703943675246,10.199265682784816,,,,,,,,,-3.430929491628753,9.349558081304027,-3.4571875289238823,10.095580204225696,-5.181703943675246,10.199265682784816
PP_0772,,,,,,,,,,,-2.0008945555226565,4.64190684515952,-2.102722136368188,5.501850470299575,,,,,,,,,,,-2.0008945555226565,4.64190684515952,-2.102722136368188,5.501850470299575,,
PP_1152,,,,,,,,,,,-1.9375850459104604,3.7083786101723937,,,-2.4508394613870736,3.7399923657558545,,,,,,,,,-1.9375850459104604,3.7083786101723937,,,-2.4508394613870736,3.7399923657558545
PP_1188,,,,,,,,,,,-1.6826319803996121,3.375163435935499,,,,,,,,,,,,,-1.6826319803996121,3.375163435935499,,,,
PP_1487,,,,,,,,,,,2.269678462389388,4.867737156921242,,,,,,,,,,,,,2.269678462389388,4.867737156921242,,,,
PP_1623,,,,,,,,,,,-1.6174499343946063,10.515171605777176,,,,,,,,,,,,,-1.6174499343946063,10.515171605777176,,,,
PP_1894,,,,,,,,,,,-2.947304828202696,4.40380877048993,-2.2692970296071864,3.9420818685355323,-2.7631213155161154,3.7007663098792882,,,,,,,,,-2.947304828202696,4.40380877048993,-2.2692970296071864,3.9420818685355323,-2.7631213155161154,3.7007663098792882
PP_2013,,,,,,,,,,,1.7528500854263436,3.3171406100174687,2.3827901052626803,3.2763179029606704,,,,,,,,,,,1.7528500854263436,3.3171406100174687,2.3827901052626803,3.2763179029606704,,
PP_2333,,,,,,,,,,,-2.6586447577295056,3.4319304471804153,-2.327688615836587,3.2384539180737453,,,,,,,,,,,-2.6586447577295056,3.4319304471804153,-2.327688615836587,3.2384539180737453,,
PP_3633,,,,,,,,,,,-2.119584303972422,3.2362452647308357,,,-2.9151764461038465,3.6154352308105198,,,,,,,,,-2.119584303972422,3.2362452647308357,,,-2.9151764461038465,3.6154352308105198
PP_4013,,,,,,,,,,,-2.682329620388021,3.806706133057123,,,-3.6315625455089497,4.248979889884902,,,,,,,,,-2.682329620388021,3.806706133057123,,,-3.6315625455089497,4.248979889884902
PP_4375,,,,,,,,,,,-2.602271401748994,3.7818788036656583,-1.820764339986063,3.0703738127441182,,,,,,,,,,,-2.602271401748994,3.7818788036656583,-1.820764339986063,3.0703738127441182,,
PP_4528,,,,,,,,,,,-2.1014977379797863,3.1108641423271153,-2.1015311267041565,3.0251250799713616,,,,,,,,,,,-2.1014977379797863,3.1108641423271153,-2.1015311267041565,3.0251250799713616,,
PP_4849,,,,,,,,,,,-1.8813350022781938,3.3526468319172933,-2.1597630120301172,3.516309094544262,-4.15852899173685,4.763535190690415,,,,,,,,,-1.8813350022781938,3.3526468319172933,-2.1597630120301172,3.516309094544262,-4.15852899173685,4.763535190690415
PP_4864,,,,,,,,,,,2.5385316213739926,3.258975657856532,,,,,,,,,,,,,2.5385316213739926,3.258975657856532,,,,
PP_4971,,,,,,,,,,,4.0698419842477955,3.3883698415684003,4.023934018603242,3.5103326076958306,,,,,,,,,,,4.0698419842477955,3.3883698415684003,4.023934018603242,3.5103326076958306,,
PP_0354,,,,,,,,,,,,,-3.728248406244363,4.065296760589021,-4.586213352865148,4.232578777002326,,,,,,,,,,,-3.728248406244363,4.065296760589021,-4.586213352865148,4.232578777002326
PP_0577,,,,,,,,,,,,,-1.7510118862696016,3.0758591602602445,,,,,,,,,,,,,-1.7510118862696016,3.0758591602602445,,
PP_1355,,,,,,,,,,,,,4.553132740300216,3.0484960838401602,,,,,,,,,,,,,4.553132740300216,3.0484960838401602,,
PP_1779,,,,,,,,,,,,,-2.082023684853519,9.07216009182798,,,,,,,,,,,,,-2.082023684853519,9.07216009182798,,
PP_1792,,,,,,,,,,,,,-1.6984204753801175,3.432955121415696,-4.151872883825356,7.231740485421541,,,,,,,,,,,-1.6984204753801175,3.432955121415696,-4.151872883825356,7.231740485421541
PP_2165,,,,,,,,,,,,,-2.4096123362892152,4.187346970760667,,,,,,,,,,,,,-2.4096123362892152,4.187346970760667,,
PP_4364,,,,,,,,,,,,,-1.5989210253997403,3.2633507472693943,,,,,,,,,,,,,-1.5989210253997403,3.2633507472693943,,
PP_4621,,,,,,,,,,,,,-2.0899528088443073,3.5806030837471265,,,,,,,,,,,,,-2.0899528088443073,3.5806030837471265,,
PP_4810,,,,,,,,,,,,,-3.7212066190020026,7.666963431738849,-3.233545700788729,6.800224637481266,,,,,,,,,,,-3.7212066190020026,7.666963431738849,-3.233545700788729,6.800224637481266
PP_5365,,,,,,,,,,,,,-3.258868484129979,6.989151024134277,-2.518198452492016,3.560200834531144,,,,,,,,,,,-3.258868484129979,6.989151024134277,-2.518198452492016,3.560200834531144
PP_0076,,,,,,,,,,,,,,,3.7381371805626227,5.38812391802006,,,,,,,,,,,,,3.7381371805626227,5.38812391802006
PP_0085,,,,,,,,,,,,,,,-1.7314298174122897,5.147415467256986,,,,,,,,,,,,,-1.7314298174122897,5.147415467256986
PP_0265,,,,,,,,,,,,,,,3.0240449105709786,3.901353140587966,,,,,,,,,,,,,3.0240449105709786,3.901353140587966
PP_0934,,,,,,,,,,,,,,,-1.8775998934718807,4.254408906704123,,,,,,,,,,,,,-1.8775998934718807,4.254408906704123
PP_0936,,,,,,,,,,,,,,,1.7856045415476365,4.076393232536835,,,,,,,,,,,,,1.7856045415476365,4.076393232536835
PP_1444,,,,,,,,,,,,,,,-1.6068032164827926,3.1346259403292938,,,,,,,,,,,,,-1.6068032164827926,3.1346259403292938
PP_1522,,,,,,,,,,,,,,,-3.9838177849673073,7.235709839176372,,,,,,,,,,,,,-3.9838177849673073,7.235709839176372
PP_1528,,,,,,,,,,,,,,,2.0962881744806663,3.4971554731546513,,,,,,,,,,,,,2.0962881744806663,3.4971554731546513
PP_1631,,,,,,,,,,,,,,,-4.103540718396601,5.111783840964337,,,,,,,,,,,,,-4.103540718396601,5.111783840964337
PP_1794,,,,,,,,,,,,,,,-3.4241153119461334,4.630696690151664,,,,,,,,,,,,,-3.4241153119461334,4.630696690151664
PP_1806,,,,,,,,,,,,,,,-3.877165564155183,7.63428122468255,,,,,,,,,,,,,-3.877165564155183,7.63428122468255
PP_2032,,,,,,,,,,,,,,,1.6228586409295616,8.841206178371323,,,,,,,,,,,,,1.6228586409295616,8.841206178371323
PP_2257,,,,,,,,,,,,,,,-6.193562920210075,11.094062061523486,,,,,,,,,,,,,-6.193562920210075,11.094062061523486
PP_2361,,,,,,,,,,,,,,,-2.8542638449318303,3.4909288285367883,,,,,,,,,,,,,-2.8542638449318303,3.4909288285367883
PP_2381,,,,,,,,,,,,,,,3.8973022668509802,4.757311811954345,,,,,,,,,,,,,3.8973022668509802,4.757311811954345
PP_2656,,,,,,,,,,,,,,,-3.2855595614098094,6.278896542749573,,,,,,,,,,,,,-3.2855595614098094,6.278896542749573
PP_3089,,,,,,,,,,,,,,,-1.6005113860171125,7.6926122319920145,,,,,,,,,,,,,-1.6005113860171125,7.6926122319920145
PP_3091,,,,,,,,,,,,,,,-3.5014269755862877,4.4028358002181145,,,,,,,,,,,,,-3.5014269755862877,4.4028358002181145
PP_3249,,,,,,,,,,,,,,,2.8455620036383893,4.421291358887945,,,,,,,,,,,,,2.8455620036383893,4.421291358887945
PP_3557,,,,,,,,,,,,,,,-2.579878751141292,3.5620940241960124,,,,,,,,,,,,,-2.579878751141292,3.5620940241960124
PP_3644,,,,,,,,,,,,,,,4.365143773363734,4.907035493017489,,,,,,,,,,,,,4.365143773363734,4.907035493017489
PP_3806,,,,,,,,,,,,,,,-1.669978410159646,3.8581253027197446,,,,,,,,,,,,,-1.669978410159646,3.8581253027197446
PP_4151,,,,,,,,,,,,,,,2.2532799603784914,13.09380523487847,,,,,,,,,,,,,2.2532799603784914,13.09380523487847
PP_4644,,,,,,,,,,,,,,,3.4389285977126742,8.79870347072155,,,,,,,,,,,,,3.4389285977126742,8.79870347072155
PP_4689,,,,,,,,,,,,,,,1.880631800693748,3.925939754803517,,,,,,,,,,,,,1.880631800693748,3.925939754803517
PP_5094,,,,,,,,,,,,,,,1.693123051925361,3.998596671142959,,,,,,,,,,,,,1.693123051925361,3.998596671142959
PP_5306,,,,,,,,,,,,,,,-3.079396579473555,5.312436407677464,,,,,,,,,,,,,-3.079396579473555,5.312436407677464
SPy_1046,,,,,,,,,,,,,,,-7.305054472632062,13.879774500579737,,,,,,,,,,,,,-7.305054472632062,13.879774500579737
