Protein,Spearman_Correlation,Average_Abundance_Control
Neo,-0.1489463447449231,
Tryp_pig,-0.37454478200922803,
Krt1,0.15868793518588556,
Arga,0.16240962686612745,
Pcaj,,
Dnaa,-0.34598708007747325,
Dnag,,
Dnan,0.14134623380581074,
Rsmg,0.13271090685615994,
Ihfa,0.38955907561269143,
Ihfb,-0.09523809523809526,
Pp_1224,0.17403142040141853,
Adk,0.3385767933400246,
Pal,0.3007167386002017,
Yidc,0.1783216071576633,
Hpf,-0.2631774920926496,
Pp_0002,-0.019168286657715642,
Parb,0.0508942574650528,
Rpll,-0.07585920443582755,
Rpsu,-0.7293849135592364,
Rpon,0.45148658040033846,
Tolb,0.42892856821033787,
Mnme,0.30674567561170024,
Apha,-0.06382440056002299,
Krt10,0.2957776615046408,
Aacc1,0.005943760681760455,
Mvd1,0.5822898898977684,
Krt9,0.17850032666809726,
Krt2,0.17563935552469775,
Alla,0.26852279524852873,
Argb,-0.3210251330764546,
Argc2,0.11348239239499776,
Argd,-0.1823483358891452,
Pp_0396,0.41733063415034966,
Rpsk,-0.7767455753061357,
Seld,0.07940079683043563,
Hisd,0.2985586592800495,
Pp_1352,0.03850588620303688,
Argg,0.6386636238053295,
Argj,0.1907258799166805,
Argh,0.4364865291627285,
Infa,-0.08542678983815247,
Lippks1,,
Ftsz,-0.09905855712746374,
Ef_1364,-0.11239762098794451,
Pp_1157,0.19992394368573194,
Atpe,,
Atpf,0.6012967239101508,
Atph,0.1850370367088053,
Atpa,0.5274794521643977,
Atpg,-0.07898860678332255,
Atpd,0.08173959591669366,
Atpc,0.5023177834242724,
Glmu,-0.1055321973685469,
Glms,0.32450587325378144,
Pp_5400,-0.14285714285714288,
Pp_5395,0.4530154122890592,
Pp_5392,0.6819615525860667,
Pp_5391,0.3462651145836396,
Pp_5388,,
Copa,0.01240680618352831,
Copb,0.11854015659950291,
Pp_5378,0.1872684682885539,
Lpd3,0.06116105711088014,
Pp_5365,-0.1460307734188028,
Pp_5355,,
Pp_5353,0.41499107810397484,
Uvrd,0.16790500384497825,
Zwf-3,0.2293287076043449,
Pp_5350,-0.06870091617575412,
Accc-2,-0.1518210230818613,
Oada,0.0030983882261604342,
Pp_5345,0.37511263630327996,
Pp_5341,0.41537880391104676,
Pp_5340,-0.05298064881079283,
Aspa,0.5741002828525235,
Pure,0.37108660976530355,
Purk,0.05578816940596191,
Pp_5332,0.3240884456862417,
Pp_5331,0.11504912374523159,
Pp_5330,,
Psts,-0.06980731668049454,
Pstb2,,
Phou,-0.10697161054893949,
Pp_5324,0.2924122545496507,
Pp_5322,0.3783311635429219,
Phob,,
Pp_5319,-0.062487475550956184,
Rubb,0.1013245712585764,
Hupa,-0.22134130380189804,
Pp_5311,0.16885751049709755,
Recg,-0.7999999999999999,
Pp_5309,0.24322347575359407,
Exbd,0.5,
Exbb,0.3881945248284084,
Pp_5305,0.0007064412913865549,
Pp_5304,0.34353972010991457,
Pp_5303,0.19907144353080788,
Spot,0.1426874475671164,
Rpoz,-0.06355508712230684,
Pp_5300,,
Gmk,-0.29408382773919306,
Pp_5295,0.16434513048696014,
Rph,0.07691095678759378,
Crc,0.006971373508860976,
Pyre,0.1242487941919226,
Algc,-0.4463838310070658,
Dut,-0.26541050535481475,
Coabc,0.0564807880117622,
Pp_5283,0.11076737908523551,
Rpmb,-0.6870255819034625,
Rpmg,-0.275106406668083,
Pp_5278,0.23804537791936733,
Pp_5274,,
Pp_5273,0.23474131722097663,
Lrp,0.011355244703380276,
Dada2,0.16531346880063288,
Dadx,0.08988486890586664,
Pp_5267,0.0656303775709445,
Xpt,-0.4021417155672265,
Rep,,
Pp_5260,,
Pp_5258,-0.10943474143916716,
Pp_5252,,
Pp_5249,,
Pp_5235,0.39860139860139865,
Pp_5234,0.03330767343122466,
Amtb,0.30074895261228973,
Pp_5232,-0.04966612683836921,
Pp_5231,0.18745248768270628,
Pp_5229,-0.2683677315789102,
Dapf,0.08920161358830218,
Lysa-2,0.30209285205064235,
Cyay,0.1398601398601399,
Rnk,0.2224352485794517,
Elbb,-0.3774413023526195,
Ppk,0.06978439329386607,
Ppx,0.38368602040965405,
Trx-2,0.15104642602532117,
Rho,-0.0760961810278408,
Ubid,-0.29589725599296196,
Pp_5212,-0.05454545454545456,
Pp_5207,,
Pp_5206,0.0016859936719929014,
Pp_5205,,
Pp_5203,,
Pp_5202,0.35480777749497816,
Pp_5201,-0.22766505017571437,
Pepp,-0.3502507383625014,
Ubih,0.3804633663342366,
Ubif,0.17325406368320695,
Pp_5196,0.1666666666666667,
Gcvt,0.19609325840627884,
Gcvh2,0.2920184804795079,
Gcvp2,0.5671304678432358,
Pp_5187,0.21468319423376275,
Arge,0.4223546722837804,
Pp_5184,0.08443107916287183,
Pp_5183,0.057320182183968026,
Pp_5182,-0.03420254677621318,
Potf-2,-0.07591051154093065,
Potf-1,0.1092181849721553,
Potg,0.1177387525940965,
Pp_5175,-1.0,
Pp_5174,-0.5027682008006971,
Cysp,-0.12890839283532135,
Cysa,0.028529551546584462,
Pp_5165,-0.11874244355615737,
Pp_5160,-0.19558939279907267,
Pp_5157,0.25336145192965137,
Pp_5156,0.19406857528598717,
Sera,-0.044720667578561996,
Pp_5154,0.4475680746291696,
Pp_5153,0.3485686754430488,
Pp_5152,,
Rpia,0.3302690309571731,
Ilva-2,0.08598027327595205,
Pp_5147,-0.0014802041973989385,
Rpph,,
Ptsp,0.5337944568416834,
Pp_5144,-0.9999999999999999,
Thya,-0.13268803760881254,
Cada-2,0.051529085351613824,
Pp_5133,0.9999999999999999,
Fola,-0.24219471133435436,
Ilvd,-0.41891045303295593,
Pp_5127,-0.009834963086625256,
Pp_5126,0.10936013522186978,
Mutm,0.1891396930305679,
Coad,0.48605772354658927,
Pp_5120,0.1381061722507083,
Pp_5118,0.06738994391898945,
Pp_5114,-0.32437928064254573,
Pp_5113,0.3150964195529205,
Pp_5112,0.6200953745430927,
Ftsy,0.30046149701394237,
Ftse,0.1732610193956465,
Ftsx,-0.0010073382143898054,
Thig,0.1228334913044443,
Trmb,-0.1193230218596533,
Pp_5101,0.6,
Pp_5100,-0.0744041653700345,
Pp_5099,0.22683738517952454,
Metw,0.12316612064873339,
Metx,0.103531276984716,
Proc-2,-0.05344719690126748,
Pp_5094,0.01354647237119167,
Pp_5090,0.5449872738215478,
Args,0.5030872548485368,
Pria,-0.5,
Maeb,0.6470140045080885,
Pp_5084,0.36870819891309164,
Arok,0.01604966274844179,
Arob,0.2277363782574678,
Pp_5077,-0.2189499793587318,
Gltb,0.020768235124164373,
Gltd,-0.0798091635182378,
Heme,0.25501588491269434,
Pp_5070,0.585499517397121,
Trxc,0.2631081940976933,
Pp_5068,0.11919709670514597,
Pp_5067,-0.32599198022563897,
Nhap2,-0.11207615332512806,
Beta,0.12066441911464804,
Betb,0.20114893858447055,
Pp_5058,0.1835795024000057,
Pp_5057,0.1627779232079287,
Gpmi,0.4792355140290855,
Pp_5055,-0.03651734349614317,
Secb,0.1557615292646399,
Ntrc,0.06816454097552956,
Ntrb,0.03098388226160434,
Glna,-0.25955540323369625,
Thii,0.024857703067169598,
Pp_5044,0.199846040587348,
Glgp,0.4834514493676293,
Fbp,-0.15155496058981197,
Pp_5039,0.10981305833034195,
Hutc,0.34296803248287366,
Huth,-0.11666666666666665,
Pip,0.1202268370050048,
Opgg,-0.15169244862215467,
Opgh,0.2776399151810295,
Pp_5024,-0.21859545113708354,
Pp_5023,0.27303783958034095,
Pp_5022,-0.16491329586828837,
Pp_5020,0.3400481078211076,
Pp_5019,,
Hise,0.10461563727995078,
Hisi,0.09251659868766071,
Pp_5012,0.37872719197590704,
Ubie,0.46463235021330296,
Pp_5008,-0.5,
Pp_5007,0.6883336364913932,
Pp_5002,,
Hslu,-4.1213320350128863e-05,
Hslv,0.01985779541097516,
Pyrc,-0.0900652880105374,
Pyrb,0.15044662717317137,
Pyrr,0.48515524549755856,
Pp_4994,,
Gshb,-0.0032846634977072593,
Pilg,,
Pilh,0.25017354333096736,
Pilj,-0.18170407020631282,
Pp_4988,0.36299976165941567,
Pp_4987,0.26184126357504167,
Pp_4985,0.9999999999999999,
Bioa,0.06976915964197546,
Pp_4983,0.10842668641090554,
Pp_4981,-0.16609044842022788,
Rhle,-0.32888838472544374,
Metf,0.09801467078813592,
Pp_4975,-0.16195314666169466,
Pp_4971,0.0954667607177801,
Pp_4969,0.1994847083354296,
Metk,0.363143210601002,
Tkta,0.30671327671114545,
Epd,0.21878723131395364,
Pgk,0.4130773167397689,
Fda,0.07823430271055096,
Pp_4959,0.6206656542505045,
Pp_4954,0.4091739999715108,
Pp_4953,,
Dbpa,0.03947562183065167,
Pp_4950,0.5545695805604337,
Pp_4949,0.15765239404927164,
Puta,0.24444866996579007,
Putp,,
Rlmj,0.05372982747716012,
Pp_4944,-0.10842567758214183,
Pp_4943,0.2881731368017679,
Pp_4942,,
Pp_4941,,
Pp_4940,0.18481255786549255,
Pp_4939,0.3852513101864605,
Pp_4938,0.13031448482974678,
Pp_4937,0.148258559362282,
Msba,0.05032826249932825,
Hlde,0.20405900821284995,
Pp_4932,-0.1299283558290262,
Pp_4931,0.30521519553736093,
Kdta,0.24112605233209472,
Pp_4923,0.25616408723304024,
Thic,0.10821077501369947,
Pp_4919,0.10445189530186672,
Pp_4916,0.17894628256160067,
Pare,0.2995704192432354,
Parc,0.12621155634439726,
Pp_4911,-0.32155488112985114,
Pp_4910,0.10168097755508812,
Serb,-0.03315377455574969,
Psd,0.1408502389004766,
Rhda-2,0.06294376375440165,
Pp_4906,0.27668764357861775,
Pp_4905,0.42561979131580824,
Pp_4904,-0.11465418073643707,
Rsga,0.2689537723067398,
Orn,-0.06291383754945722,
Nnrd,,
Pp_4898,0.20371902587004853,
Pp_4897,-0.08571428571428573,
Mutl,-0.09261082382714023,
Miaa,0.4530379653312095,
Hfq,0.13773725827605968,
Hflx,0.11811173652060374,
Hflk,0.3888509558357665,
Hflc,0.7946204480084466,
Hisz,0.17098376280259717,
Pura,0.1813896578578189,
Pp_4888,0.39615238453967094,
Pp_4881,0.24998267291600723,
Vacb,-0.01549194113080217,
Rlmb,0.2619960320393935,
Rpsf,-0.5412156645038213,
Rpsr,-0.46827745414780925,
Rpli,-0.6229749304143184,
Dnab,0.11176506909212801,
Pp_4871,,
Pp_4870,-0.20726647137265605,
Nade,0.7119596407152904,
Pncb,0.19755629118003445,
Pp_4867,0.5012139221053491,
Pp_4864,0.17248790447768095,
Pp_4863,-0.1565091477344434,
Pp_4862,0.08369142069798749,
Pp_4860,0.10841907927451806,
Pp_4857,0.09129524464258902,
Pp_4856,-0.42691595583835235,
Pp_4849,0.3,
Cbpa,-0.03419160089547567,
Pp_4846,-0.18926173664899879,
Pp_4845,0.177731832922585,
Pp_4844,0.19335545975309673,
Pp_4842,0.06272441723910722,
Pp_4841,0.06196776452320868,
Oprc,-0.2571428571428572,
Pp_4836,,
Pp_4834,0.20679661397540117,
Cobh,0.35,
Cobi,-0.253735301831367,
Cobj,-0.5,
Pp_4824,0.7,
Purd,-0.018477617512431644,
Purh,-0.2545615664735437,
Pp_4819,0.42325081402261466,
Prma,-0.021375455306642317,
Pp_4817,0.3925363139832808,
Pp_4814,,
Proa,0.5514215812887078,
Nadd,0.07746670967243986,
Rsfs,-0.03857285784860584,
Rlmh,0.9999999999999999,
Mltb,0.39473365470022864,
Daca,-0.2844117187366819,
Pp_4802,-0.15169503729960992,
Lipb,0.11642378218089418,
Lipa,-0.19909740258363345,
Pp_4799,0.1347957325380152,
Pp_4798,0.45187842500592856,
Hola,-0.28571428571428575,
Lpte,-0.10063871329634252,
Leus,0.14822698497153905,
Lnt,0.3316024441457728,
Pp_4789,0.08893616619762555,
Ybey,0.17276882556139136,
Pp_4787,0.16653836715612333,
Pp_4785,-0.11594258810199416,
Heml,-0.039367574381966294,
Thie,0.22665711236691882,
Thid,0.4750214520232847,
Pp_4780,0.5428571428571429,
Amn,-0.18618070634852135,
Pp_4776,-0.34132549360410286,
Pp_4775,-0.11666666666666665,
Hrpb,0.24237021756856514,
Pp_4770,-0.46861294111585367,
Pp_4769,,
Pp_4766,-0.04144734443649216,
Tesb,0.22658216465479378,
Pp_4760,0.3732478416477236,
Pp_4748,0.3571428571428572,
Hsds,0.13151518930152784,
Hsdm,0.22926526483613383,
Hsdr,0.23830528051160427,
Pp_4738,-0.7142857142857143,
Smpb,-0.19362789545737194,
Omla,0.17970651711730518,
Fur,-0.07769319719140828,
Recn,-0.07855893463642576,
Grpe,0.14682666874600628,
Dnak,0.31739548834598735,
Dnaj,0.023527185921694022,
Dapb,-0.14973548616299096,
Cara,0.4873985614575257,
Carb,0.5064803287796354,
Grea,0.35931723383288594,
Pp_4720,-0.23770936004328427,
Rlme,0.1184158102652057,
Ftsh,0.07093968128817868,
Folp,0.43409070691367485,
Glmm,0.1206800953161501,
Tpia,0.28941117549506407,
Rimp,0.2112392393797889,
Nusa,0.12008718550293117,
Infb,0.08250766234140061,
Rbfa,-0.3501257639484493,
Rpso,-0.2679418455917617,
Pnp,0.09713604939976737,
Pp_4707,-0.34279597019692537,
Pp_4704,0.5203220325624567,
Acsa2,-0.27816052148722,
Pgi2,-0.08391608391608392,
Panc,0.14030867046735346,
Panb,0.2731465044778154,
Pcnb,0.3962023818532207,
Pp_4696,0.24182009382075273,
Pp_4695,-0.2571428571428572,
Dksa,-0.29991026885425937,
Pp_4692,-0.13671694767721523,
Pp_4689,0.24137977014175185,
Pp_4684,0.6332215921863692,
Mrcb,0.3178761306187728,
Pp_4682,0.12580868413041024,
Ilvb,-0.04027904694008564,
Ilvn,-0.16034159070380247,
Ilvc,-0.6156103910676619,
Yedy,,
Recc,0.24562369981535648,
Recb,0.23298291732646131,
Recd,0.16940459992614104,
Pp_4669,-0.09841964563824333,
Pp_4668,-0.10790778547077942,
Mmsa-2,-0.1463988436860805,
Mmsb,0.16959140824122293,
Pp_4662,,
Ggt-2,-0.30303145289114974,
Mcps,0.4786448872418849,
Pp_4657,-0.05281275605150565,
Pcah,,
Pcag,,
Trma,0.35684189847240716,
Pp_4652,0.4630938610490742,
Cioa,0.5525319335555525,
Rlmg,0.18957051608934444,
Pp_4646,0.26371751019422296,
Mscl,0.041713130319947986,
Rada,-0.43575373286683294,
Pp_4643,0.18787878787878787,
Pp_4642,0.46470580433018,
Csta,-0.157243202477642,
Pp_4639,0.027959395060548946,
Pp_4636,-0.1745367312847855,
Fabv,0.5105726241571289,
Pp_4633,0.10900223508434952,
Pp_4632,-0.33681781667332766,
Mioc,0.0060357435487435026,
Hmga,0.6000000000000001,
Pp_4620,-0.20728469405050642,
Pp_4619,0.03584252413663269,
Pp_4617,,
Pp_4616,0.0014227118417672966,
Pp_4602,,
Pp_4601,0.1647932840849001,
Pp_4594,0.44023326044154254,
Pp_4593,,
Rnd,-0.16367260955308022,
Pp_4589,,
Pp_4588,0.31630114024802153,
Pp_4586,0.5,
Pp_4583,-0.030412534044658573,
Pp_4577,0.21004785188952266,
Pp_4576,0.3939393939393939,
Pp_4575,,
Pp_4573,-0.0702288949832583,
Cysk,0.4499225399300564,
Pp_4570,0.33345483392494024,
Pp_4563,-0.02726537432693711,
Pp_4562,-0.01745706073403543,
Pp_4555,0.14644050562977504,
Pp_4554,0.6900539695981808,
Phaj1,0.2734327609586583,
Fadd2,-0.13147061329422555,
Fadd,0.12083714082025693,
Hrpa,0.30726728152245797,
Pp_4545,0.2676763006754148,
Pp_4543,,
Pp_4542,-0.48333333333333334,
Ppia,0.4181286875751025,
Pp_4539,0.1816968390553591,
Pp_4533,0.2333333333333333,
Pp_4532,0.04027904694008564,
Pp_4528,,
Pp_4521,0.5246003970416898,
Tolc,0.26287307552188166,
Pp_4517,0.2312071991017559,
Recq,-0.16572273669949322,
Pp_4515,0.3296313388596284,
Pp_4508,-0.05767605423557356,
Pp_4506,0.056898267075653486,
Pp_4504,-0.06363636363636364,
Pp_4503,-0.9999999999999999,
Pp_4499,0.23857589341435342,
Pp_4493,0.27509796748017507,
Phhb,,
Pp_4488,0.6,
Acsa1,-0.31414291437062775,
Pp_4486,0.057320182183968026,
Pp_4483,0.177731832922585,
Pp_4482,-0.03571428571428572,
Aruf,0.012393552904641737,
Arug,-0.07727470996634131,
Astd,0.3256644310301607,
Astb,0.13285923047740242,
Pp_4476,,
Aste,-0.07493305198491144,
Alas,0.21385451429726132,
Pp_4473,-0.33651519065614655,
Mgte,0.32893711526074115,
Algz,0.1911413948908249,
Pp_4460,0.25772475455260024,
Pp_4448,0.6116531647223333,
Pp_4447,0.14285714285714288,
Pp_4429,,
Pp_4428,0.10072477061121787,
Lpdv,0.2631857132588227,
Bkdb,-0.18066432751687542,
Bkda2,0.047566220391628874,
Bkda1,0.33047593044359475,
Bkdr,,
Pp_4399,0.2380952380952381,
Ycgr,0.16612835551409497,
Chev-3,-0.013168149961181843,
Cher2,0.2136703228730556,
Flge,-0.14285714285714288,
Flgf,0.16755825354443848,
Flgg,0.04014144960384858,
Flgk,0.10286651547623489,
Flgl,0.23430309120777199,
Pp_4379,0.31342683292954426,
Flic,0.12502669561353127,
Pp_4377,-0.15649040564780353,
Flid,0.31309095568866496,
Flis,0.2545454545454546,
Fleq,0.26408559013990984,
Flif,,
Flii,-0.5357142857142858,
Pp_4364,0.3389724543183785,
Pp_4363,0.33434804902403553,
Pp_4362,0.238122913032883,
Flim,0.07995342945682245,
Flin,0.6993006993006995,
Pp_4345,-0.09613057160392922,
Flhf,-0.025662012250156234,
Flen,0.14562424662954038,
Flia,0.47670557101721495,
Chey,,
Chez,0.08038744716666468,
Chea,0.22164742297902473,
Cheb1,0.5495000102273829,
Mota,0.34574055413598614,
Motb,0.4054647146919429,
Pp_4334,-0.0008798985852138739,
Chew,0.16266538187342278,
Pp_4331,,
Ccme,-0.04260605363178739,
Ccmf,,
Dsbe,-0.08726836564239275,
Pp_4319,0.17556276227981787,
Pp_4316,-0.09904729759878445,
Pp_4315,0.13561665897372302,
Pp_4310,0.3591173875619649,
Pp_4306,,
Pp_4305,0.18745248768270628,
Glxr,0.07500163031873462,
Hyi,0.0942324111459975,
Gcl,0.20519567041703082,
Pp_4295,-0.16340920850190122,
Pp_4293,-0.4177160801024855,
Pp_4289,0.05454545454545456,
Pp_4287,0.03889701398079146,
Pp_4286,0.3315467819958735,
Pp_4285,0.15432519836476016,
Pp_4283,0.4510336065051734,
Gad,-0.2685320792491032,
Xdhb,0.20655333024905104,
Xdha,0.17442174287475862,
Pp_4277,-0.060928400234022045,
Smc,-0.20909090909090913,
Zipa,0.10293120424081845,
Liga,-0.041183915039024487,
Dnax,0.08105670568097671,
Pp_4268,0.07260520110853684,
Apt,0.23388791151876145,
Anr,0.2184363699443106,
Hemn,0.015810290402128575,
Pp_4261,0.39999999999999997,
Pp_4260,0.13243119676628454,
Pp_4259,0.5830761934967057,
Ccop-2,0.10423107339676096,
Ccoo-2,0.22473707080154456,
Ccon-2,0.5167222550924913,
Ccop-1,,
Ccoo-1,0.07142857142857144,
Ccon-1,-0.7999999999999999,
Pp_4249,0.2692307692307692,
Pp_4248,0.02556170286582358,
Pp_4232,,
Pp_4220,,
Pp_4218,,
Fpva,0.23279543015279794,
Pvde,,
Pp_4214,,
Pp_4213,,
Pp_4203,0.38093425166305533,
Pp_4202,0.022463314639663147,
Pp_4201,0.04260283810970597,
Pp_4200,0.6167011383423581,
Pp_4199,0.11461250169528091,
Pp_4198,0.3953470552489486,
Pp_4197,0.19047619047619052,
Glta,-0.38305907932701594,
Sdhc,0.03332495553829016,
Sdhd,-0.37391106993905715,
Sdha,-0.46206595110458465,
Sdhb,-0.06668034232739374,
Kgda,0.01704113524388239,
Kgdb,-0.00464758233924065,
Lpdg,-0.3652268249446125,
Succ,-0.6978604701568742,
Sucd,-0.7072500821989166,
Htpg,0.15166455055528846,
Pp_4178,0.3049701405936093,
Pp_4177,,
Fabb,-0.4182290282476214,
Faba,-0.31495828244710017,
Gpsa,0.11161996234372347,
Sixa,0.3786370766832653,
Pp_4163,0.5709458461016599,
Kdpd,0.11070139070404796,
Kdpe,,
Pp_4151,-0.31680560984074746,
Pp_4150,-0.3342082120743949,
Pp_4148,,
Pp_4147,0.14346234370842503,
Glob,0.22690432143630634,
Pp_4138,-0.20294442881350844,
Nuol,,
Nuoi,0.10520522687120724,
Nuoh,0.0556476377409853,
Nuog,0.028091465854304314,
Nuof,0.23337208301428958,
Nuoe,-0.10851366491375439,
Nuoc,0.20706881512889586,
Nuob,-0.2386552679216894,
Acea,-0.2788268454960537,
Pp_4115,0.49303137841132666,
Fusb,0.25040275726333133,
Pp_4104,0.41757655281861644,
Uvrc,,
Purb,-0.07533935459959297,
Hfld,0.24308745817752134,
Mnma,-0.028470446478486185,
Pp_4013,-0.005436827489130536,
Pp_4012,0.0371806587139252,
Icd,0.24754854116379055,
Cspd,0.5266476888997236,
Clpa,-0.29199215968199094,
Aat,0.1502958741198706,
Ftsk,0.4847955181810446,
Lola,0.2547840247367973,
Pp_4002,0.08344262002727615,
Sers,0.474144732299473,
Cysg,0.4509514705757553,
Pp_3998,-0.9999999999999999,
Pp_3997,-0.06136339383410209,
Pp_3995,,
Dsre,,
Pp_3988,0.350929507113033,
Pp_3968,0.942857142857143,
Nhaa2,0.5818181818181819,
Pp_3957,0.08936281733869361,
Pp_3954,,
Pcai,0.5,
Pp_3950,0.547724076685857,
Nicb,-0.36748400341724874,
Nicr,-0.14818651258334947,
Pp_3931,,
Pp_3927,,
Pp_3926,,
Pp_3924,0.11685126389796714,
Pp_3922,0.2090632153271198,
Pp_3901,-0.24417376496598836,
Pp_3896,,
Pp_3839,0.14097666429029976,
Pp_3835,,
Pp_3834,0.39943459615499133,
Csra,0.42764919043456273,
Pp_3827,-0.01220579589085773,
Pp_3825,0.14457893412396414,
Pp_3823,,
Galu,-0.27203460930244094,
Gor,0.17483848461447152,
Pp_3806,-0.3240839324789856,
Dapf-1,,
Pp_3788,,
Pp_3787,,
Pp_3786,,
Pp_3785,-0.17393131069573456,
Pp_3784,-0.6560381485126154,
Pp_3783,-0.23190841426097938,
Pp_3781,0.9999999999999999,
Proc-1,0.1347339904643425,
Pp_3777,,
Pp_3775,0.6075209964851871,
Pp_3768,0.20608205674577565,
Gloa,0.06385954628278522,
Pp_3765,0.49009803394045914,
Pp_3761,0.31816223546625966,
Cher3,0.8857142857142858,
Pp_3758,0.22531654817313074,
Pp_3757,0.09890109890109891,
Paah,-0.13758607238255544,
Pp_3754,0.41328077354590925,
Pp_3742,0.17610995641751187,
Pp_3738,0.5225694116059386,
Pp_3722,0.04761904761904763,
Pp_3720,,
Cata,,
Pp_3707,0.420374271640356,
Pp_3706,0.16387684524829804,
Pp_3705,0.19808719841841257,
Pp_3699,0.24869735134276533,
Pp_3694,0.11818181818181818,
Pp_3693,-0.1145964472326481,
Pp_3692,,
Pp_3691,0.4647103028532349,
Pp_3680,0.6079338168295917,
Pp_3671,,
Pp_3669,0.3232417450478196,
Katg,0.46817816992653316,
Pssa-1,,
Pp_3662,0.1560350358451453,
Pp_3651,-0.11789063477542962,
Pp_3650,0.1666666666666667,
Pp_3649,0.3611767813145061,
Pp_3644,,
Pp_3638,,
Pp_3631,,
Pp_3629,-0.22458521577684998,
Pp_3627,,
Pp_3623,,
Pp_3622,0.4545454545454546,
Pp_3620,0.2649121933367171,
Pp_3613,,
Pp_3612,0.3813063341153229,
Pp_3611,0.3569607442152969,
Pp_3610,,
Pp_3603,-0.0779252105054577,
Pp_3598,,
Pp_3591,-0.07955283396017493,
Tyrb-2,-0.10689439380253496,
Tpx,-0.022461259590820234,
Pp_3585,0.3062365029200283,
Pp_3578,0.0038729852827005425,
Pp_3569,-0.2317903385472186,
Pp_3563,0.616869133617172,
Pp_3558,-0.01448146778582149,
Pp_3557,0.430151936185653,
Emra,-0.13913752081159086,
Pp_3547,0.4531940834430665,
Pp_3546,0.2549019607843137,
Pp_3530,0.28660091091984014,
Pp_3527,0.09633621990220438,
Pp_3522,,
Hyua,,
Ilve,0.3620360709497781,
Pp_3509,-0.032969510403488334,
Cobw,0.11220185965366845,
Pp_3506,-0.1954451123581306,
Pp_3497,,
Pp_3496,0.23618229893012943,
Acda,0.09273499912505939,
Pp_3491,0.13751173185679577,
Pp_3484,0.1130980742865944,
Pp_3459,,
Pp_3456,,
Pp_3455,-0.1754385964912281,
Pp_3454,,
Pp_3453,,
Ilva-1,,
Pp_3445,0.4506646314484548,
Pp_3443,0.24427743804662916,
Pp_3441,0.29692064753031716,
Pp_3437,,
Pp_3435,-0.5,
Hpd,0.10547498518439259,
Pp_3431,0.6508351765605187,
Pp_3428,0.038683863377751024,
Pp_3421,0.3214285714285715,
Pp_3420,,
Gntp,-0.10224681146329433,
Gnuk,-0.24274739352863062,
Pp_3415,-0.0837408608441714,
Pp_3406,0.250374446829201,
Pp_3404,0.3024567374629282,
Pp_3384,0.14324999823979348,
Pp_3383,0.1581350418502587,
Pp_3382,0.5101337632759964,
Ptxs,-0.17213960910514395,
Pp_3379,0.17893192006076508,
Kguk,-0.6443576186782485,
Kgud,0.12006254376371682,
Pp_3370,-0.3714285714285715,
Pp_3364,0.3564376633576774,
Pp_3361,0.35837756224887535,
Pp_3359,,
Pp_3316,0.34743117380727967,
Pp_3291,,
Pp_3290,0.9999999999999999,
Pp_3289,,
Pp_3288,0.4265188483519516,
Phan,,
Pp_3249,,
Pp_3248,0.1235853209659105,
Pp_3239,,
Pp_3237,0.6,
Pp_3234,0.21117566045132974,
Pp_3232,0.581387732848254,
Pp_3230,,
Pp_3227,0.14212967498082496,
Pp_3213,,
Pp_3212,-0.006178184390270009,
Pp_3211,,
Pp_3209,,
Pp_3192,0.20510046005907698,
Coda,-0.029851450840769764,
Pp_3186,-0.04177873746679183,
Pet18,-0.2073948547165476,
Pp_3174,0.006980297526796612,
Pp_3170,-0.39999999999999997,
Pp_3157,0.20482342821284302,
Pp_3156,,
Pp_3155,-0.41995987272538093,
Pp_3154,-0.6153846153846154,
Pp_3151,0.0,
Pp_3148,-0.05831725947940501,
Pp_3147,0.19257718273502863,
Pp_3146,-0.7999999999999999,
Pp_3145,-0.2347725986779045,
Pp_3141,0.4010989010989011,
Pp_3140,0.3914119394629944,
Pp_3139,0.36749556141671685,
Pp_3138,-0.5,
Pp_3135,0.5270246008530743,
Pp_3134,-0.07878787878787878,
Pp_3133,0.2758124094508813,
Pp_3131,,
Pp_3130,0.37649967738349843,
Gale,0.1458146307285949,
Pp_3128,0.6563064618144774,
Pp_3127,0.2218267437371141,
Pp_3126,0.5262605949699556,
Pp_3125,0.09844644159565705,
Pp_3123,,
Pp_3122,,
Pp_3120,0.0766058335757484,
Pp_3108,0.24965266007114162,
Pp_3107,-0.05791941016829031,
Pp_3106,0.5548246013281071,
Pp_3100,-0.3294047773999401,
Pp_3099,0.30828962850296315,
Pp_3095,0.20504762111425842,
Pp_3093,,
Pp_3092,0.039643386327446184,
Pp_3091,0.34962875426886814,
Pp_3090,,
Pp_3089,-0.12299787625265902,
Pp_3088,,
Pp_3087,1.0,
Pp_3081,,
Ppic-2,0.06738994391898945,
Eco,,
Pp_3071,0.19320892281673652,
Pp_3067,0.014785391182409919,
Pp_3033,,
Pp_3024,,
Pp_3019,-0.10591690959480127,
Pp_3014,,
Pp_2969,,
Pp_2950,-0.1285467452547453,
Pp_2947,0.2764196111761844,
Pp_2944,,
Pp_2942,0.46359076384559195,
Pp_2936,0.19674765236118757,
Pp_2933,0.2052682199831288,
Pp_2932,0.42747600507381245,
Pp_2930,,
Nspc,0.024778077917069798,
Pp_2928,-0.4139016296108579,
Mqo3,0.33716013011048535,
Pp_2918,,
Hemb-1,-0.31293721084220383,
Pp_2912,,
Pp_2910,,
Csid,,
Pp_2908,,
Pp_2907,-0.3560184759732032,
Cyss,0.491805108402689,
Glns,0.13753587500616699,
Ppib,-0.25871896016386303,
Lpxh,,
Pvdq,,
Pp_2893,0.45503086769139983,
Pp_2892,-0.49999999999999994,
Pp_2891,,
Xtha,0.17671839888075402,
Pp_2884,,
Ampc,0.29358440514324474,
Pp_2875,,
Pp_2867,0.4241162821386808,
Pp_2861,,
Ureg,0.09237310090021271,
Uree,0.06816454097552956,
Urec,-0.09721356367737836,
Ureb,0.10918553604177737,
Urea,-0.04883659396296953,
Pp_2827,0.17305479292705933,
Mext,0.021524211448980562,
Nfxb,,
Pp_2794,0.815516757929809,
Pp_2793,0.8636226033538625,
Pp_2792,0.7886137268843402,
Pp_2791,0.665155695876137,
Pp_2745,,
Pp_2742,,
Pp_2739,0.0,
Pp_2710,,
Pp_2688,0.4077271248893113,
Pp_2687,0.12186872494170266,
Pp_2685,0.013076611481850044,
Pp_2680,-0.023237911696203255,
Pp_2679,0.002482033059367614,
Pp_2678,0.36813528513479193,
Pp_2677,0.26147980341197796,
Pp_2676,,
Qedh,-0.048799614562026826,
Pp_2673,0.020772730355388947,
Pp_2672,,
Pp_2669,-0.1626031949336188,
Pp_2668,-0.3263465770254159,
Pp_2666,0.3979754353414917,
Agmr,-0.267069694958631,
Pp_2664,-0.18039498961551834,
Pp_2663,-0.08396662126580685,
Pp_2662,-0.17924019680092038,
Pp_2656,-0.11226107267335697,
Pp_2652,,
Pp_2648,0.15360384668380989,
Dapa,-0.00993354185711359,
Pp_2628,0.07434631354505666,
Pp_2601,,
Pp_2575,,
Pp_2569,,
Pp_2554,,
Pp_2550,0.2388848624353584,
Pp_2545,0.03343887449452588,
Pp_2543,,
Pp_2536,0.2939920849941109,
Pp_2533,0.09776046738072054,
Mety,-0.10611979674599485,
Pp_2507,,
Pp_2492,,
Pp_2488,-0.16045018267076477,
Pp_2487,0.09490465829402035,
Pp_2486,-0.14110316561729555,
Pp_2476,0.1594115998322291,
Pp_2475,0.17861178188415325,
Pp_2474,0.1766711391265989,
Pp_2472,,
Phet,0.28667938802231063,
Phes,0.18542434825345935,
Rplt,-0.061888825503505454,
Infc,-0.32159175369072773,
Thrs,-0.08800448894309905,
Cspa-2,0.09527543795443334,
Pp_2462,0.3392544180659677,
Pp_2460,,
Rbsk,0.1597802206153335,
Rbsr,0.2882547709685452,
Rbsa,,
Rbsb,0.3111071267680961,
Ansb,0.7010568441499382,
Pp_2449,0.038001991363244086,
Pp_2448,0.3278249354004256,
Pp_2447,0.19338008440710575,
Pp_2442,-0.14603610518598467,
Ahpc,0.18896120047259768,
Pp_2436,0.059966503290292676,
Pp_2432,-0.5,
Pp_2424,-0.013078369097114611,
Pp_2422,-0.1315262863685224,
Pp_2418,,
Aroe,0.24802646118654287,
Pp_2396,0.4377884954192439,
Pp_2387,-0.12675580754438825,
Pp_2381,0.5554260916232351,
Pp_2380,0.6411208943192618,
Pp_2379,0.4606680841182149,
Nfua,-0.109834161349272,
Cti,0.3348201009964857,
Meth,0.31183215843190576,
Cysi,0.030441657076799737,
Pp_2370,-0.15537237808737478,
Pp_2368,0.49999999999999994,
Pp_2364,0.24661403796845563,
Csuc,-0.14464366791186253,
Pp_2356,0.27448298675315436,
Pp_2355,-0.24249510242722053,
Pp_2354,0.4062141974968143,
Pp_2345,0.24927797049883405,
Pp_2343,,
Pp_2341,,
Acnb,0.38733870797882824,
Prpd,-0.3150903077726383,
Pp_2337,0.024787105809283474,
Pp_2336,-0.04415203222278618,
Pp_2335,-0.0735867203713103,
Prpb,0.012147626173200485,
Pp_2333,,
Pp_2331,0.5413570133056406,
Pp_2330,0.22770204908701444,
Cysh,0.49270379414937016,
Cysb,0.6799424219985277,
Pp_2325,-0.022490454578482352,
Arof-1,0.11464036436793605,
Pp_2323,,
Opri,0.29282251442040885,
Pp_2320,-0.04339264232578992,
Pp_2317,,
Greb,0.28538737604652065,
Pp_2310,-0.04202480570594907,
Pp_2308,0.3106304043189257,
Pp_2307,0.4632633131985922,
Pp_2305,0.35842887880461205,
Pp_2304,0.452953592308534,
Hupb,0.5093643245377728,
Lon-2,0.01006976173502141,
Clpx,0.3964815084319557,
Clpp,0.35906730688501143,
Tig,-0.7195925349774087,
Pp_2296,0.20703559721920392,
Pp_2292,0.17893896030561346,
Pp_2277,-0.008872884777553046,
Fold2,-0.15485062121826487,
Pp_2264,,
Pp_2258,0.46955624355005166,
Aer-1,0.3342482454725927,
Pp_2254,,
Pp_2249,-0.16438444587805834,
Pp_2247,,
Pp_2240,,
Pp_2238,0.007021663359898679,
Pp_2233,-0.19322396912972126,
Pp_2232,0.43214285714285705,
Pp_2220,0.002246681897876664,
Fadb1x,0.13942747017721954,
Pp_2216,-0.9999999999999999,
Fadax,0.16958286350795265,
Fadb2x,0.299332034984271,
Faddx,,
Phnw,0.8632516882740084,
Phnx,0.7658023415502849,
Pp_2206,0.09999999999999999,
Pp_2201,,
Pp_2198,,
Pp_2189,0.38630420611021876,
Pp_2187,-0.04437204624874437,
Pp_2182,-0.48201076892461275,
Dusa,-0.4510402519370062,
Tal,0.3964713131425961,
Pp_2166,0.4528131746448102,
Pp_2165,-0.06546292073591235,
Pp_2164,0.09999999999999999,
Vacj,0.2167692130108467,
Pp_2161,0.028793886517031228,
Quef,0.11908176662354601,
Lole,0.27409884816367097,
Lold,-0.14959674741508105,
Lolc,0.21573972477687695,
Pp_2152,0.16466538196464,
Stha,-0.3187044796002898,
Gap-2,0.0007745970565401086,
Mfd,0.32922806934757887,
Pp_2147,0.09131771396191457,
Nagz,0.016712779193730605,
Pp_2144,0.19817790194556378,
Pp_2140,0.34447926894364694,
Topa,-0.07078715603364692,
Fada,0.015264576389343934,
Fadb,0.23477312060544567,
Pp_2132,-0.06989634889546326,
Pp_2131,0.2881501050329204,
Pp_2130,0.48625137861444256,
Pp_2129,0.495888268611136,
Chev-2,-0.013245103898631573,
Pp_2125,-0.0746533238806892,
Moea,0.11111616171894534,
Moab-1,0.19132547296540678,
Pp_2119,0.5878787878787878,
Pdxb,0.4083532763528121,
Acna,0.03950444988354553,
Aer-2,-0.022802625836775815,
Pp_2105,0.5923524967278011,
Pp_2102,,
Pp_2099,0.06107419772514463,
Dacb,0.46414543139947284,
Rlml,0.27551445180309425,
Pyrd,0.2976430679018165,
Pp_2094,0.48134547087379953,
Nasa,,
Pp_2091,,
Oprf,0.1989011040079515,
Cmpx,0.36821525900318264,
Cmax,0.41598088195363864,
Pp_2084,0.6420829243948327,
Ppsa,0.5431227172363864,
Pp_2081,0.24058456384951726,
Pp_2080,-0.15879239659072222,
Lysa-1,,
Pp_2059,-0.3906208182687313,
Pp_2053,0.18479886246508404,
Pp_2052,0.23793217299226677,
Atob,0.2833333333333333,
Pp_2036,0.27524094128159016,
Pp_2032,0.4839226526123735,
Sbcd,0.31520471624540625,
Sbcc,0.47746074653968434,
Pp_2021,0.021015794050150385,
Pp_2019,,
Pp_2018,,
Pepn,0.4235909748918103,
Pp_2016,-0.02029293736041616,
Pp_2013,0.13001694038629405,
Nadk,0.13385916390803973,
Fadh,0.21964513196240587,
Pp_2007,0.7388696841537091,
Pp_2006,0.6544235722295251,
Pp_2005,,
Metz,0.18594372975650814,
Purf,0.026239771733829777,
Pp_1998,0.07291922631369298,
Folc,-0.09992727567673765,
Accd,0.3748754252384006,
Pp_1993,-0.12083714082025693,
Pp_1992,0.11658761919770859,
Asd,0.14625063191061813,
Leub,0.5887889495170723,
Pp_1987,0.2745401605994333,
Leud,0.01557442009367654,
Leuc,0.2934041842371686,
Pp_1983,0.3511945585720323,
Ibpa,-0.22806572520109583,
Pp_1980,-0.08872691281087582,
Gltx,0.4561701046285872,
Pp_1976,-1.0,
Uvrb,0.41414211924472527,
Tyrb-1,0.027885494035443905,
Pp_1971,0.11309466026418324,
Pp_1970,0.07946336429308565,
Pp_1968,0.09257062554958675,
Pp_1967,0.03793899690723216,
Pp_1964,,
Pp_1959,0.597449477507871,
Pp_1941,,
Pp_1918,-0.028044471375436347,
Fabf,-0.3344811170277205,
Acpp,0.14718962696499888,
Fabg,0.3716753045798503,
Fabd,0.3094160244818427,
Plsx,-0.4642857142857142,
Rpmf,-0.5092957038325836,
Pp_1910,-0.03968046583301556,
Maf-2,0.023443109834596826,
Pp_1908,0.5230143635710099,
Rne,0.37303815415051933,
Murb,0.2483769729290381,
Kdsb,0.5415969834933761,
Pp_1901,0.16452627084096622,
Pp_1899,0.1258741258741259,
Pp_1898,-0.32301033543896207,
Pp_1895,0.24587407716563145,
Pp_1894,0.20609439896306458,
Pp_1893,0.11154197614177562,
Pp_1892,,
Pp_1878,0.3,
Pp_1876,0.32151913988268865,
Pp_1874,-0.08544057123600411,
Pp_1872,-0.020914120526582928,
Htpx,0.3122120262083728,
Tpm,,
Dead,-0.1652775912668475,
Pp_1867,,
Pp_1866,0.14373096053739484,
Ohr,0.48886116599676954,
Efp,0.2707068847207067,
Pp_1845,0.3285794346138267,
Pp_1843,-0.11117019716472498,
Pp_1842,0.29604951039202787,
Pp_1838,0.46477828749243816,
Pp_1832,0.1590649211938408,
Aroc,0.4539965703133037,
Prmb,0.3419684622715659,
Pp_1826,-0.13608347755306235,
Fole1,0.08977416083667203,
Pp_1821,-0.04137447232565219,
Pp_1819,-0.32121212121212117,
Pp_1816,0.09792021331057162,
Pyrf,0.07158566411543066,
Kdsa2,-0.10144377664069476,
Pp_1806,0.2964285714285714,
Wbpm,-0.32178069365797646,
Wbpy,0.5932905254699709,
Rmd,0.3662148374228143,
Gmd,0.06140784732169202,
Pp_1795,0.07977816636273198,
Pp_1794,0.2937062937062937,
Pp_1793,,
Pp_1792,0.3245422835106818,
Pp_1791,0.01637862250860548,
Pp_1790,,
Pp_1789,-0.18720787274912895,
Pp_1788,,
Pp_1787,0.39053320863914903,
Pp_1786,0.504806974306783,
Rmlb,0.12935770844219813,
Rmld,0.0743613174278504,
Rmla,0.06661534686244933,
Rmlc,0.3472553157187233,
Pp_1780,0.48535897043338017,
Pp_1779,0.10819598596566274,
Xana,-0.03563146460084499,
Pp_1776,0.49411305434229613,
Pp_1775,,
Rpsa,-0.7454309451710105,
Cmk,0.36345043717088477,
Pp_1770,-0.07668510859747074,
Phea,0.4065080536066819,
Serc,0.17385932856339026,
Gyra,0.23954305787140812,
Mtna,0.007452472558641719,
Ubig,0.2760676803083743,
Pp_1764,0.11903827554466352,
Pp_1763,0.20759201115274906,
Pp_1761,-0.21666666666666667,
Pp_1759,-0.2571428571428572,
Pp_1758,0.19090909090909092,
Bola,0.20909090909090913,
Pp_1756,-0.12854153617293718,
Fumc,0.35052365463494584,
Pp_1752,0.6564485765359674,
Asnb,-0.35909242322980395,
Pp_1743,-0.12148336383907844,
Pp_1741,0.05212530435911387,
Pp_1738,-0.24944829318363418,
Minc,-0.10425245070411053,
Mind,0.3656918797981088,
Mine,0.15479264908667076,
Apeb,0.3389900409846441,
Pp_1726,0.6479953012525583,
Pp_1721,0.13623491938079216,
Pp_1720,0.6589282466089686,
Prc,-0.008902545528813635,
Fklb-2,0.04415203222278618,
Nirb,,
Rdgc,0.23476605937627953,
Pp_1695,0.17354533551762602,
Pp_1686,0.0919900449082433,
Cobo,,
Pp_1668,0.15,
Pp_1666,0.5059611990083426,
Purm,-0.27070875805344996,
Pp_1663,0.3010837007129124,
Pp_1661,-0.42857142857142855,
Pp_1659,0.9999999999999999,
Pp_1658,-0.3731173053526291,
Pp_1657,0.11666666666666665,
Rela,0.4872421381734696,
Rlmd,0.32473467512505966,
Cysm,0.18806008328778126,
Gacs,0.4009282229160864,
Pp_1646,0.4993171436921926,
Arsc-1,,
Wrba,-0.24436264363856575,
Ttca,-0.22983150497381227,
Fpr,0.11309117025485584,
Pp_1635,0.4032726159396251,
Pp_1633,0.2598059831246998,
Pp_1631,-0.18582268335172908,
Reca,-0.056384973904020065,
Pp_1628,0.5123986385250351,
Muts,0.13550230705270078,
Rpos,0.0553201071347871,
Nlpd,0.34921118116159094,
Pcm,0.3740590171730406,
Sure,-0.23539211873524948,
Trud,0.26253306825807937,
Ispf,-0.12476128516667186,
Pp_1617,-0.33333333333333326,
Pp_1616,-0.07909299098930686,
Eno,0.4254268409801342,
Kdsa1,-0.14719238375775365,
Pyrg,0.39412766584014036,
Acca,-0.07517403298500666,
Dnae,-0.1653123094183637,
Lpxb,-0.021766021631914698,
Lpxa,0.5014861418288985,
Fabz,0.14126661716422523,
Lpxd,0.13199221601076686,
Omph,0.08443107916287183,
Bama,0.28768302603947343,
Pp_1598,0.01655186584297766,
Dxr,0.057786897635420185,
Frr,-0.19602928491264482,
Pyrh,-0.48660904163914387,
Tsf,-0.28835414749472044,
Rpsb,-0.7240861918951301,
Map,-0.3579298255577569,
Glnd,0.09126878591588954,
Pp_1588,0.2525186404320754,
Pp_1549,0.05873271886873651,
Dapd,0.3116265601633409,
Pp_1528,,
Pp_1526,0.506146370929544,
Dape,0.23025169439736468,
Pp_1523,,
Cspa-1,-0.4545454545454546,
Plsb,0.27334442848510143,
Pp_1518,0.3508536655832098,
Pp_1517,0.20789288231148695,
Pp_1516,,
Rsmj,0.2520519449541257,
Pp_1510,0.4783157105448103,
Pp_1507,-0.09954796424766403,
Ppc,0.48410070399769806,
Pp_1504,-0.9999999999999999,
Pp_1502,-0.5860353916656069,
Pp_1500,,
Pp_1499,0.29474204619968186,
Pp_1498,0.3829725770947403,
Lyss,0.11913974746806404,
Pp_1494,0.3689392257724483,
Cheb3,,
Pp_1488,0.5023971392415767,
Pp_1487,,
Pp_1486,-0.05281275605150565,
Pp_1484,,
Pp_1481,0.031882445980185706,
Pp_1478,0.39621182282872464,
Pp_1476,0.16239442561812575,
Pp_1475,0.3403995876588569,
Thrc,-0.14273015836984065,
Hom,0.39880818769899473,
Dsbc,,
Rpls,-0.5125494585343777,
Rimm,0.1905586607429593,
Rpsp,-0.6663430517522989,
Ffh,-0.1916349146303123,
Pp_1459,0.09831019333408449,
Purt,0.3152336623603488,
Pp_1453,0.7,
Gcd,0.42924716929146767,
Lon-1,0.2796295374109792,
Cmoa,0.156637875131361,
Pdxj,0.3689819204283322,
Era,-0.11010311590126608,
Rnc,-0.07449124129843653,
Lepb,0.4506450892845482,
Lepa,0.23885460808828662,
Algy,0.1084435879156152,
Algn,0.1537064230966862,
Algt,0.11998654965682813,
Nadb,0.12257429344723138,
Pp_1424,0.08391608391608392,
Pp_1423,0.2678741799022252,
Pp_1418,0.02544862027721858,
Pp_1412,0.4436836173969751,
Pp_1406,0.2364787320235837,
Bglx,0.016654346898560962,
Dctd,,
Pp_1400,0.005148980027659056,
Pp_1399,0.02947072650483479,
Pp_1398,0.14490669211255236,
Pp_1395,,
Pp_1392,0.3094828816682271,
Pp_1389,0.3267720761835862,
Ttgr,,
Ttga,0.2350446185074405,
Ttgb,0.2580402883819193,
Ttgc,0.11767386572901521,
Pcac,,
Pcad,-0.21596477046629226,
Pcab,0.26206913465208526,
Pcat,-0.7454545454545454,
Pcaf,-0.19999999999999998,
Pcar,-0.1332861639172207,
Pp_1373,0.1865743086173967,
Pp_1372,0.17251638647668072,
Pp_1371,0.1084435879156152,
Puru-2,0.10224681146329433,
Pp_1366,0.4724076845133522,
Sbcb,0.10094543568576247,
Pp_1363,-0.14285714285714288,
Pyka,-0.03669624677311759,
Grol,0.00464758233924065,
Gros,0.09295164678481302,
Pp_1358,0.508861079887594,
Ampg,0.2505808603634691,
Pp_1353,-0.09669371715261196,
Pp_1350,,
Pp_1349,0.1556100741669289,
Pp_1348,0.39552093051225506,
Pp_1347,0.17577817603996695,
Seca,0.5281885086076942,
Lpxc,0.1836503021456606,
Ftsa,0.07819712369932577,
Ddlb,0.06541812483157583,
Murc,-0.004086868388597377,
Murg,0.4780058908277973,
Murd,0.4610284234957867,
Murf,0.19953093647571796,
Mure,0.4410462210596473,
Ftsi,1.0,
Rsmh,-0.18908693779024469,
Rsmi,0.1720732302184603,
Pp_1325,0.6476771642991769,
Gmha,0.21733444575339814,
Pp_1322,-0.11621513272744464,
Sspa,0.16784985304917047,
Petc,0.5403575531489238,
Petb,0.5707537710843631,
Peta,0.46365125893850717,
Rpsi,-0.572667516262385,
Rplm,-0.5202877277633001,
Pp_1314,0.2649121933367171,
Zape,-0.24194193360895339,
Trps,0.5704771219524128,
Pp_1309,0.3759966148851984,
Cysnc,0.18239704254046807,
Cysd,-0.03003551771975094,
Pp_1302,-0.02710645219169521,
Algw,-0.08679872314504566,
Aapp,0.1835795024000057,
Aapm,-0.03451659238094639,
Aapq,0.06153876902774091,
Aapj,0.08520567621941194,
Estb,-0.13768096550528408,
Rhlb,-0.08451073379834341,
Pp_1291,-0.16306518529714284,
Pp_1289,-0.19999999999999998,
Pp_1274,0.40537291857483143,
Pp_1272,-0.20341003945393984,
Pp_1262,0.20928757996860048,
Pp_1261,0.03408227048776478,
Xena,,
Mqo2,0.6145688896523337,
Pp_1246,-0.048999551356142354,
Pp_1245,0.6,
Purc,0.1820275276568743,
Pp_1238,0.4541169319420535,
Pp_1236,0.018420442814691285,
Pp_1235,-0.23608861785272295,
Pp_1232,0.011558463697769337,
Pp_1230,0.5352900920772555,
Quec,,
Tola,0.1666666666666667,
Tolq,-0.13187278775421035,
Pp_1218,0.709090909090909,
Ruvb,0.24594827930852378,
Ruva,0.284680461857575,
Pp_1214,0.11193814262884051,
Asps,0.5778571162942007,
Pp_1210,0.036406061657385094,
Pp_1209,-0.060815533913348686,
Pp_1207,-0.10884148884713907,
Oprd,0.38470995380695017,
Pros,0.31449837925864765,
Pp_1202,0.2915940577746835,
Pp_1201,0.061170038208645854,
Rimo,0.281603590145731,
Pp_1191,0.2678318809407318,
Pp_1190,-0.08470398751710692,
Dcta,-0.171173323115003,
Phoq,-0.36897278884673673,
Phop,-0.44881251776689013,
Oprh,-0.5192751914156073,
Pp_1184,0.5467138841274581,
Nrda,-0.26628019944855424,
Nrdb,-0.1337052166244275,
Pp_1162,0.06667723077586915,
Pp_1152,-0.5273599014036483,
Pp_1146,0.7296720919525977,
Rapa,0.316823441592761,
Pp_1143,0.2999522203315005,
Brac,0.012393552904641737,
Braf,0.10972601333783247,
Brag,-0.2528305908751445,
Pp_1134,0.027664662266414224,
Pp_1131,-0.08365648210633171,
Pdxh,0.2854836506600158,
Pp_1128,,
Estc,-0.0008121849169356219,
Pp_1126,0.4457384973178837,
Pp_1125,0.13768182337111806,
Pp_1122,-0.3007258389427206,
Pp_1121,0.383962962375604,
Pp_1120,0.0003852084696008535,
Pp_1113,0.20020072859853796,
Pp_1111,0.14189371530000733,
Quip,0.06240732361357132,
Pp_1104,-0.1618106873825399,
Dcd,0.2517440877409623,
Pp_1099,0.11231657319831573,
Pp_1098,-0.0924284371444807,
Metg,0.08447981338679143,
Pp_1087,0.20088676804718206,
Rnt,-0.010220585770950062,
Pp_1084,0.05886937629704825,
Bfr,0.09759922912405365,
Pp_1081,0.3872985282700542,
Argf,0.1663093292751581,
Pp_1078,0.2783632905851921,
Pp_1077,,
Glpk,0.13555309096264664,
Glpr,0.3925879360112749,
Glpd,0.05331888518969324,
Pp_1071,0.09450084089789323,
Pp_1070,0.16808756126920354,
Pp_1069,-0.1363290819510591,
Pp_1068,0.20449362292658865,
Pp_1066,0.1960271493735254,
Metr-1,0.12155182529945802,
Pp_1062,-0.08238180397072707,
Pp_1060,0.38032081967559467,
Pp_1058,-0.1578570509515827,
Pp_1057,0.2395647565264406,
Pp_1056,0.21113021649512545,
Purl,0.4717248547284603,
Mltf,-0.39999999999999997,
Cuma,0.3528817429143037,
Guaa,-0.13543774233379682,
Guab,0.4864375417602705,
Xsea,0.1327661867764006,
Pp_1026,0.033961307964305194,
Leua,-0.11258448786646454,
Eda,0.507436196811847,
Pgl,0.3242308111926934,
Zwf-1,0.030209285205064232,
Hexr,0.27705196090539014,
Oprb-1,0.030209285205064232,
Pp_1018,0.04647582339240651,
Pp_1016,-0.14949723191224093,
Pp_1015,0.13942747017721954,
Pp_1014,-0.0276783961152168,
Pp_1013,-0.09057907647204566,
Gltr-2,0.10790359500754569,
Glk,0.2418884704658791,
Edd,0.1398780092683374,
Gap-1,0.1897762788523266,
Pp_1006,-0.48571428571428577,
Arca,0.5295031198602261,
Arcb,0.4234317416086394,
Arcc,0.5649151571795548,
Pp_0998,-0.07736328933843538,
Gcvp1,-0.22847874391917583,
Sda-2,-0.7142857142857143,
Gcvt-1,0.12238633493333714,
Pp_0985,0.07126292920168999,
Pp_0983,0.16363636363636366,
Pp_0982,0.4777415039131887,
Pepa,0.6642411724144424,
Vals,-0.46939583379549216,
Hupn,-0.2523786654945443,
Pp_0973,0.043090446531109966,
Pp_0971,0.28611767365122853,
Hisc,0.31202690308534936,
Hisg,0.45570926477376306,
Mura,0.06976056969038007,
Ttg2e,,
Ttg2d,0.1936276723358782,
Ttg2c,0.1804811141738453,
Ttg2b,0.08198551653709923,
Ttg2a,0.1936492641350271,
Pp_0957,0.030769384513870453,
Pp_0956,0.12239146640507657,
Lptc,0.023529292431435856,
Lpta,0.314592045895807,
Pp_0953,0.18545930391921914,
Ptsn,0.25406349424477337,
Pp_0949,0.4138675039502932,
Fumc-1,0.38656827113536824,
Pmba,0.1300556573626186,
Pp_0941,-0.3385936533347133,
Tldd,-0.013099279206739823,
Pp_0939,0.0684852975070825,
Pp_0938,-0.08448738436095167,
Cafa,0.10715247347160516,
Maf-1,0.3408225752150074,
Mrec,-0.1523665737560595,
Mreb,-0.11300224106819541,
Gata,0.4053550173032499,
Gatb,0.07446357154215273,
Arop,,
Pp_0925,,
Xenb,0.05824150125023746,
Pp_0919,0.14723729420945197,
Sodb,0.6015093471765024,
Pp_0914,0.42355543567626935,
Pp_0913,0.5905672215895812,
Pp_0909,0.5589488136065841,
Colr,0.16852452765286957,
Pp_0897,0.4400350897115118,
Pp_0893,-0.24891019038139808,
Pp_0891,0.24916072391969296,
Pp_0888,0.20914120526582927,
Pp_0887,,
Pp_0886,0.25819942962899634,
Pp_0885,0.2139806968704324,
Pp_0884,,
Pp_0883,-0.12085588453199458,
Dppa,-0.2,
Dppd,0.2071228416665525,
Prfc,0.07842451451541775,
Pp_0871,,
Pp_0870,-0.11810075119094922,
Pp_0869,0.12930441858019195,
Pp_0868,0.060418570410128464,
Pp_0864,0.1742843377215244,
Pp_0861,,
Pp_0860,,
Pp_0859,0.019598880204452992,
Pp_0858,0.10551519983801684,
Der,0.1499809829795744,
Bamb,0.5094912428311238,
Pp_0855,0.052908509517517424,
Hiss,0.2599450564442793,
Ispg,0.4040244827224008,
Pp_0852,0.01662388571851399,
Rlmn,,
Ndk,-0.2025334961969924,
Hsca,0.3225565200534694,
Isca,,
Iscu,-0.37313744078590827,
Iscs,-0.4336207983988372,
Pp_0841,0.1328671328671329,
Cyse,0.12151322255525937,
Trmj,0.13195688013274606,
Suhb,-0.10168965296527081,
Pp_0837,0.15337021719494148,
Secf,0.18666518107666014,
Secd,0.6498469519489741,
Yajc,0.21480429399805748,
Tgt,-0.08423199930443442,
Quea,-0.04970132903579117,
Pp_0824,-0.08520567621941194,
Selu,-0.29202112173856,
Pp_0817,0.0821072879932515,
Cyob,-0.501234662104251,
Cyoa,-0.614276557529885,
Chev-1,,
Pp_0799,0.12722322194016414,
Pp_0797,-0.00818779570327082,
Frua,-0.03511542711306825,
Fruk,-0.2859860711719808,
Frub,0.3081749445840176,
Frur,-0.1027051145189009,
Pp_0790,0.3328671987948947,
Ampd,-0.2885323192998932,
Nadc,0.10912810399246595,
Trxb,-0.18384653375050952,
Pp_0779,,
Pp_0777,0.26810349064893535,
Slyd,-0.2109250902201016,
Pta,0.15755857171306417,
Pp_0773,0.135554484894519,
Pp_0772,-0.020928846818785398,
Pp_0769,-0.04876804743629511,
Pp_0768,0.37009156527241366,
Pp_0766,0.6012359783270637,
Pp_0765,0.6258876392106429,
Pp_0763,0.2843897070769495,
Hpra,0.3488147993223252,
Rsmc,0.05311874288559354,
Pp_0759,-0.05208016877510627,
Pp_0756,-0.21799750668626738,
Pp_0753,0.12269626968100582,
Mqo1,-0.12345520897647222,
Pp_0750,0.08316098713558731,
Pp_0749,0.25310789414341844,
Pp_0747,0.07034443230253261,
Upp,0.3029376262777135,
Hemh,0.10344323254806732,
Pp_0743,,
Pp_0742,0.5401480919661871,
Pp_0735,-0.1393250802501625,
Hemk,-0.3284168903785256,
Prfa,-0.3342992663955777,
Hema,0.08596585272235704,
Pp_0725,0.2350640012263789,
Lolb,-0.01855724801099469,
Ispe,,
Prs,-0.09655999958123716,
Rply,-0.6114984256963649,
Pth,-0.18157365800426506,
Ychf,-0.2464935019351798,
Pp_0712,-0.1812557112303854,
Pp_0711,-0.018293022999573125,
Pp_0707,0.08575389168896703,
Pp_0696,,
Pp_0695,-0.04291108863538493,
Pp_0694,0.4910814794043308,
Pp_0693,-0.2283910087085021,
Crea,0.05454545454545456,
Prob,0.4074059598240161,
Obg,-0.04817415649062848,
Rpma,-0.560793786388775,
Rplu,-0.5827348064242757,
Ispb,-0.13934835313094024,
Phna,0.22540774345317158,
Fklb-1,0.157243202477642,
Pp_0680,0.24533165604785803,
Gdha,-0.09120668359404958,
Pp_0674,0.037955255770465324,
Pp_0672,,
Glya2,-0.1420810485743261,
Pp_0664,,
Pp_0658,-0.00449248768516187,
Pp_0657,0.5611079153377762,
Mdh,0.38317058519450176,
Pp_0640,-0.17696481830562963,
Coae,-0.06288415524246886,
Ndh,0.3188311709980841,
Clpb,0.6590562557144847,
Pp_0624,-0.018758509450219837,
Bamd,0.3780619642345629,
Pp_0620,,
Pp_0619,0.14400799635340703,
Pp_0616,0.9523809523809524,
Pp_0614,0.3496284610930637,
Pp_0613,0.512087791428166,
Pp_0612,0.2393890226549176,
Isph,0.09712738119409943,
Fkpb,-0.09146928333018121,
Iles,0.1834428305443526,
Ribf,0.40116104491790716,
Pp_0599,0.16694119157886156,
Mmsa-1,0.12316093198987725,
Pp_0596,-0.23976010262351596,
Pp_0592,0.4204302716986456,
Pp_0591,0.23225907183270866,
Pp_0586,0.044445663820946994,
Pp_0584,0.3429732859724729,
Pp_0582,,
Pp_0581,0.3212688624598748,
Pp_0580,0.07124035352189666,
Pp_0578,-0.132539740495767,
Pp_0577,0.14317215347747658,
Pp_0576,-0.01387387936657072,
Pp_0570,-0.15828679472322857,
Spea,0.1582539198617866,
Pp_0564,0.6943723245890587,
Dsbd-1,0.7,
Aroq1,0.07233179861111043,
Accb,-0.17373287860322506,
Accc-1,0.06738994391898945,
Pp_0550,0.3699959890154529,
Mpl,0.4416363907170821,
Pp_0545,0.10069761735021411,
Pp_0544,0.539738871053787,
Eutb,0.36930012611782925,
Eutc,0.4832966772863524,
Pp_0541,-0.2178995080229893,
Ppa,-0.3751807784755402,
Pp_0536,0.45904037348946414,
Xseb,0.13540288654267751,
Ispa,0.3318474421916791,
Dxs,0.18795738081264238,
Riba,-0.42355876667851844,
Pp_0521,-0.34373139236617967,
Thil,,
Nusb,0.3096839141086553,
Ribh,0.14719196863092787,
Ribba-1,0.03408227048776478,
Ribe-1,-0.17458704793957464,
Ribd,0.12918067073476192,
Nrdr,,
Pp_0512,0.4458007434878871,
Trx-1,0.0061967764523208685,
Pp_0509,,
Oprg,0.23065217188486542,
Pp_0501,0.37318704144751064,
Pp_0500,0.11994199513155511,
Selb,0.2725887743053632,
Sela,0.2504883536688766,
Fdhe,0.2410202193689316,
Pp_0490,0.2464595282403597,
Ssb,0.2561398493096793,
Uvra,0.33302642491439466,
Pp_0482,0.0457012263358664,
Kata,-0.20958512039349192,
Rplq,-0.34410640326472886,
Rpoa,-0.0004744215172122789,
Rpsd,-0.5180406651378465,
Rpsm,-0.5663768649107608,
Secy,-0.3016599616363967,
Rplo,-0.738453717369008,
Rpse,-0.6834526680290178,
Rplr,-0.7602822588258166,
Rplf,-0.7340930670760528,
Rpsh,-0.7280951239655516,
Rpsn,-0.528055033649742,
Rple,-0.4956557438563113,
Rplx,-0.7146413165371636,
Rpln,-0.42642064400039537,
Rpsq,-0.38838683764864174,
Rpmc,-0.5165466822751544,
Rplp,-0.03228126983061003,
Rpsc,-0.7023517854086667,
Rplv,-0.21509606557280894,
Rpss,-0.48728111497337856,
Rplb,-0.5656256584807425,
Rplw,-0.6361247896051244,
Rpld,-0.5673598962677485,
Rplc,-0.7056174727132285,
Rpsj,-0.4574191492351075,
Tufb,-0.4602727033361682,
Fusa,0.12901314769103467,
Rpsg,-0.2269032135199351,
Rpsl,-0.6239485951075903,
Rpoc,0.09406753036642597,
Rpob,0.13591310051738067,
Rplj,-0.34711263398435926,
Rpla,-0.39530646046879125,
Rplk,-0.47131553152407374,
Nusg,0.0006355281331264191,
Tufa,0.13343129968719572,
Pp_0439,,
Bira,0.7714285714285715,
Tyrs,-0.06422314110096858,
Anmk,0.4953486936164154,
Argc1,0.3763202331165841,
Pp_0430,-0.16613225838335208,
Pp_0428,0.22634465046504698,
Coq7,0.12072749449278229,
Pp_0425,0.12903269941763884,
Pp_0423,0.0,
Trpc,0.12050400203829044,
Trpd,-0.278413307292995,
Trpg,-0.03330767343122466,
Trpe,0.24019169933373688,
Pp_0416,,
Rpe,0.301047825279979,
Pp_0413,,
Pp_0412,0.4890050069349232,
Pp_0411,0.5977900477395643,
Uhpa,0.9999999999999999,
Pp_0409,,
Pp_0408,-0.2377622377622378,
Pp_0406,0.6445455771659632,
Pp_0405,0.1381061722507083,
Sura,0.12589217534088398,
Pdxa,0.20355605093380744,
Rsma,-0.2527264049672788,
Apag,0.5529713125858756,
Apah,0.2906707860771505,
Glpe,0.2300183235520335,
Pp_0397,-0.21456338466161007,
Pp_0395,0.02013952347004282,
Tsad,0.2623643884435982,
Rpod,-0.07187148246983964,
Pp_0386,0.28586043112897336,
Pp_0383,,
Pp_0382,0.026336299922363686,
Pqqb,-0.23682275819120965,
Pqqc,-0.6115942802730906,
Pqqd1,0.00855028127922926,
Pqqe,0.1492813387008242,
Pp_0375,-0.1809986139865995,
Pp_0372,,
Pp_0370,0.32446915528319253,
Pp_0368,0.3510627922134919,
Biod,0.288242173501744,
Bioh,0.08437179909220285,
Biof,0.5428571428571429,
Pp_0359,0.017588857027684243,
Pp_0357,0.32013684380990404,
Glcb,-0.0033799606018963643,
Pp_0355,,
Pp_0354,0.32474049534785115,
Pp_0353,0.6125245579016633,
Pp_0347,0.34118431493884493,
Pp_0346,0.19458901091869887,
Waap,0.06704189295270296,
Waag,0.053587940974908585,
Waac,,
Waaf,-0.19578066453373155,
Glne,0.4586591582327176,
Acee,0.14842649490868853,
Acef,-0.41588923565138003,
Msra,0.10751544861679803,
Pp_0335,-0.15818123364707729,
Pp_0333,0.14651717586477175,
Pp_0321,-0.04566232861647441,
Pp_0308,,
Pp_0299,0.3371307152078719,
Pp_0296,-0.0490499168925934,
Pp_0294,,
Hisf,-0.13952439099671088,
Hisa,0.3995743807909585,
Hish,0.4901939417410057,
Hisb,-0.09329348049660324,
Pp_0288,0.5664335664335665,
Pp_0287,0.5199566897726883,
Pp_0285,-0.14560262725265177,
Pp_0283,0.09187742957531775,
Pp_0282,0.0061967764523208685,
Pp_0280,,
Oprq,0.2730373106532322,
Agua,-0.31468531468531474,
Pp_0265,,
Pp_0263,0.158147243706671,
Pp_0262,0.3333333333333333,
Cysq,0.3954886816486819,
Nude,0.11200286922330373,
Pp_0258,-0.057320182183968026,
Hslo,-0.11422084401763898,
Envz,,
Ompr-1,0.04027904694008564,
Pp_0245,0.1902217089490888,
Gsha,-0.04202025842925696,
Pp_0242,,
Lsfa,-0.18435409945654582,
Opre,-0.002100942671484979,
Pp_0228,0.5509430560917987,
Pp_0227,0.013168149961181843,
Pp_0226,-0.3188740696088466,
Pp_0215,0.3940210059472229,
Davt,0.18043566315835058,
Davd,0.07484900975406358,
Pp_0203,-0.18122683026227857,
Pp_0202,0.20712701874500436,
Pp_0201,,
Pp_0196,0.23451991514271223,
Algp,0.4032149954358205,
Pfra,0.14175126134683985,
Hemy,0.03098388226160434,
Pp_0188,0.5035541830347763,
Hemc,0.21591497859824862,
Ppra,-0.08830406444557236,
Pp_0183,0.5937718407585029,
Pp_0182,0.07284865824053892,
Pp_0180,-0.2833333333333333,
Pp_0178,0.058920307436905274,
Pp_0173,0.16089001858608146,
Pp_0169,,
Pp_0168,0.048066129713129076,
Pp_0167,0.052268817688669846,
Pp_0166,0.41904369490642457,
Pp_0165,0.5814818962101971,
Pp_0163,0.6,
Pp_0159,,
Gcdh,,
Pntb,0.6450734624350448,
Pp_0154,0.33064445499464096,
Pp_0145,,
Pp_0140,0.42059644054354395,
Pp_0139,0.3758302683380483,
Pp_0134,-0.011210176650475884,
Algb,-0.026035709844525797,
Pp_0130,,
Pp_0129,,
Pp_0127,0.0271108969789038,
Pp_0126,-0.11425505400424375,
Engb,-0.008632736492064216,
Pola,0.08649613877295782,
Pp_0122,-0.04195804195804196,
Thrb,0.3402399294963944,
Pp_0120,-0.22002271956829897,
Pp_0116,0.2986316051095031,
Metn1,0.16782316349261264,
Pp_0112,0.05344719690126748,
Pp_0111,0.518958578158922,
Pp_0103,0.5,
Cynt,-0.06943882479173759,
Prlc,0.4789540457844215,
Pp_0091,0.4724586512615102,
Osmc,0.06354750123813978,
Pp_0088,0.3088130576921429,
Pp_0085,0.14759179612477885,
Trpb,-0.2211886119868411,
Trpa,-0.3771196778647395,
Pp_0076,,
Aroe-1,0.20604281703966884,
Hemf,-0.030097432185239,
Qor-1,0.08598027327595205,
Tsac,0.42224727467299644,
Def1,0.4208064760694284,
Fmt,-0.04476127296492656,
Rsmb,0.12123308997777556,
Trka,0.3715861481474122,
Pp_0064,,
Pp_0063,0.10916745948381751,
Glyq,-0.20000121866138848,
Glys,0.34643214586539633,
Pp_0059,0.9999999999999999,
Pp_0052,0.43557715858105683,
Pp_0046,-0.4761904761904762,
Pp_0030,-0.0006130320682584318,
Czrr-1,0.15803873382023462,
Pp_0020,0.2476727059038485,
Pp_0019,0.1765240355281016,
Pp_0018,-0.0029188479668953776,
Pp_0017,0.06921730319485564,
Gyrb,-0.3509918377623152,
Mnmg,-0.30850756643233773,
Mvk,0.31172725179828725,
Cas9,0.10639825189599908,
Mvas,0.5807897503749798,
Csda,0.32661539679806834,
Krt15,,
Poti,0.16002041073334103,
Flgi,0.9999999999999999,
Recr,-0.19999999999999998,
Pp_4017,-0.4043730036374752,
Pp_3377,0.0,
Pp_3241,,
Aroq2,,
Pp_1937,0.3142857142857143,
Wbpz,0.6,
Pp_1642,,
Pp_1419,-0.19999999999999998,
Pp_1383,,
Pcak,,
Sspb,-0.09409282682803548,
Moac,-0.06439365342806623,
Pp_1273,-0.09539574067601794,
Pp_1263,,
Pp_1017,0.16731296421266342,
Arcd,0.06418250412788963,
Kate,,
Pp_0086,-0.06518387041946148,
Pp_0058,0.1557908913770769,
Copr,0.19999999999999998,
Pp_2566,0.1785714285714286,
Pp_2332,0.2,
Pp_2309,-0.23781621974224304,
Pp_2230,0.5,
Purn,-0.23265038177353387,
Ispd,0.0,
Pp_1359,-0.06363636363636364,
Pp_1142,-0.1346537293478313,
Brae,-0.7999999999999999,
Pp_0848,-0.08010454458219633,
Folk-1,0.3142857142857143,
Ibpb,0.0,
Tonb,0.3,
Pp_5259,-0.023809523809523815,
Pp_5105,-0.25,
Pp_4753,,
Pp_4574,0.6363636363636362,
Pp_4553,0.7181818181818183,
Pp_4146,0.5428571428571429,
Gaca,-0.11188811188811189,
Est,0.0,
Pp_3115;pp_3984,0.36936286861999856,
Pp_3904,0.3426573426573427,
Pp_3762,0.03190186450515752,
Pp_3525,0.544054183214411,
Pp_3366,0.3214285714285715,
Pp_2583,0.7142857142857144,
Pabb,-1.0,
Pp_2318,,
Nast,-0.5714285714285715,
Pp_2002,-0.12746458642570233,
Pp_1835,0.15,
Pp_1798,-0.09999999999999999,
Pp_1762,0.9999999999999999,
Pp_1716,-0.2333333333333333,
Pp_1703,-0.07692307692307693,
Nada,0.18181818181818185,
Tolr,0.045454545454545456,
Slyx,0.3,
Hemo,,
Pp_0847,0.5,
Hscb,0.5454545454545455,
Rpst,-0.1258741258741259,
Pp_5426,0.1207891722739,
Pntaa,0.26332161276635463,
Pp_5432,-0.02680568504022323,
Lptd,0.24703015916677662,
Fdog,0.5246257370272245,
Rlud,0.14786561142149365,
Pp_5467,-0.14685314685314685,
Pp_5469,-0.27396893293548424,
Prfb,-0.2540381179090038,
Rluc,0.029088231312339397,
Pp_5488,0.13491600511452334,
Pp_5489,0.30105478841955896,
Rmf,-0.2072159112529815,
Pp_5550,0.16881205362580207,
Pp_5551,0.5484619758426258,
Pp_5576,0.5363811202165379,
Pp_5643,0.11362193226680983,
Pp_5661,-0.25570701079720903,
Cych,-0.024179681036751836,
Rlub,-0.37612401988815825,
Pp_5700,-0.7649323808790746,
Pp_5703,-0.028153194942715263,
Trub,-0.17388880507550233,
Secg,-0.17359529203061572,
Ahcy,-0.0019950961299016524,
Ubib,0.11481439238551146,
Beti,0.012957558817414646,
Pp_5737,0.25235868338934736,
Cpob,0.1879182971935919,
Atpb,0.36308614027247704,
Copb-ii,0.3387651845639343,
Pyca,0.21578267138872767,
Pycb,0.10058500147513469,
Potf-iv,0.5966117579368018,
Oxyr,0.2079769833919253,
Rida,0.7484393263600644,
Pp_5292,0.13808368739441368,
Dfp,-0.09326367010966784,
Dppa-iv,0.2902801385681202,
Kaub,0.090977950227751,
Amab,0.3025149400090127,
Glnk,0.3110216500686668,
Had,0.30657706946585045,
Lysa-ii,-0.08977394347118102,
Trxa,0.019031872070634864,
Yhii,0.08959379159898016,
Ygif,0.14435980117012262,
Spui,-0.00471216815493238,
Spub,-0.2694780644103451,
Spud,0.6892102481882496,
Spue,0.2229823325099613,
Spuf,0.1945616818287935,
Plpb,-0.27868866496203804,
Ycgm,0.08153225858097897,
Ilva-ii,0.3271383226055497,
Cada-iii,0.16426813678004742,
Rlmi,0.27178041325717284,
Calb,0.01607523086730695,
Ssea,0.2928926343636751,
Metxs,0.37537859676477414,
Proi,0.41668753758093574,
Mrca,0.24031634703622518,
Kefa,-0.0760271297900098,
Ctpa,0.21166711994510176,
Glng,0.28967311658721623,
Glnl,0.13898886274044808,
Typa,-0.6083188011887074,
Mcpq,0.3830281996601514,
Pyrc',0.4004291660581843,
Fba,-0.08342222759981256,
Waaa,0.10713804555112583,
Nudf,0.2240411902056856,
Rhda,0.31950911830048395,
Tsae,0.1250676866166857,
Rnr,0.2600442771222296,
Livf-ii,0.37990454320666145,
Ydfg,0.4122010835174142,
Urte,0.15564131950002688,
Urtb,0.4436088088923196,
Urta,0.6247170845283951,
Corc,0.20960484838350438,
Ybez,-0.34525907656444516,
Rhle-i,0.2087410460063704,
Bame,0.20466020838829838,
Ilvi,-0.23620052073984052,
Ilvh,-0.17175682866166506,
Mmsa-ii,-0.12550089979172516,
Ypfj,0.23619805578521913,
Fpr-ii,0.04576982722498218,
Yjiy,0.5026575516372209,
Zinu,0.43761942758543276,
Pp_4628,0.08447741695976435,
Hmgb,-0.2803034762893981,
Hmgc,-0.4904510062510897,
Pp_4552,-0.06626350242523131,
Fadd-i,-0.06116771010556541,
Srmb,0.4081989028188602,
Ydij,-0.284961055071318,
Argt,0.11838240298418376,
Asta-ii,-0.08877982403407816,
Asta-i,-0.12784848094109025,
Pp_4393,0.35681880885725104,
Pp_4342,0.3536313687701657,
Pp_4336,0.45209353842199057,
Pp_4332,0.17020852275380258,
Pp_4313,0.22934666016954558,
Sbp-i,0.31100140225917056,
Pucl,0.20690360388610834,
Puue,0.19296689641399434,
Guad,-0.14262809584175215,
Fnra,-0.010748953929433125,
Ccop-ii,-0.17733954240996283,
Ccoo-ii,0.02316776406731613,
Ccon-ii,-0.29484255077302735,
Ccop-i,0.9999999999999999,
Ccoo-i,0.3498522411351173,
Ccon-i,0.39999999999999997,
Ppnp,0.5275734499538114,
Etfb,0.16567800806284805,
Etfa,-0.06367610956868598,
Suca,-0.423385525944205,
Sucb,-0.650160937380717,
Yeja,0.1917393088424425,
Chrr,0.26766599267466296,
Nudj,0.2366570646117194,
Idh,0.41200474317762537,
Sohb,0.3871946494592356,
Adhp,0.3424662511799683,
Yrpb,0.32052121629914976,
Syrb,0.7939393939393938,
Proc,0.1757010689013018,
Bktb,0.2735371030664037,
Ycao,0.20425733884442945,
Dpka,0.1237825937706571,
Amac,0.15869710409185162,
Pgm,0.18902241066766398,
Alle,0.12115618909201697,
Pp_3492,-0.06732541171098187,
Gntt,0.11958440782029266,
Kgue,-0.7328070296872967,
Kgut,-0.38095238095238104,
Ptxd,-0.6060431084314698,
Pet,0.13620183200629032,
Sad-ii,-0.12411830974325479,
Puud,-0.08187855965273252,
Clpv,0.009496556477991962,
Ppic-ii,-0.002792052391013083,
Aacs,0.3724056394648543,
Ybit,-0.39517203751131824,
Yghu,0.20293045558014483,
Hemb,0.47953886312381583,
Aldb-ii,-0.4934274945781773,
Qedh-ii,-0.029445444136193814,
Qedh-i,-0.2644625039985251,
Tam,0.15541818810587704,
Pp_2528,0.40594643496135796,
Sad-i,0.21200797578285435,
Cspa-ii,-0.1547625673614373,
Pp_2361,0.2066778592376459,
Prpf,-0.13740704249161442,
Acna-ii,0.010611654270162684,
Prpc,0.004665788547108243,
Arof-i,0.36489620251718496,
Lon-ii,-0.10692895883201298,
Pp_2257,-0.05645959353061443,
Mcpa,0.02111558402609327,
Pp_2217,0.492809614909229,
Pp_2215,0.1553724560721236,
Fadba,-0.3468495233474963,
Ugpq,0.40320898977247177,
Gapb,0.4383259436112871,
Uup,-0.1738238131836941,
Pp_2128,-0.2145923506495504,
Moab-i,0.24288586187011568,
Acna-i,0.2270284864215032,
Pp_2111,0.23465365961855647,
Gdhb,0.3177606070855139,
Dedd,0.12948274132384188,
Fimv,0.5673973002120072,
Tyrb,0.3570742816576442,
Yadg,0.2848654559380321,
Fade,0.24439780287718593,
Alaa,0.1539795249826731,
Aroh,0.2934361119572493,
Rffg,0.1441810598363603,
Rfbd,0.006260474062794841,
Rfba,0.07802827920986537,
Rfbc,-0.217594065604199,
Cpsg,-0.11581683767804521,
Aroa,0.08353663063244544,
Mupp,0.11857649643775818,
Ycik,0.5957185479902471,
Betx,0.022248266755499423,
Fklb-ii,-0.007755443421659543,
Fpr-i,-0.4428154896486637,
Pncc,0.17356214689123967,
Pp_1622,0.47540611447029457,
Frma,0.6195765011117509,
Dnaea,0.30809556824605056,
Pp_1600,0.0258172086953062,
Dapc,0.5311755994948194,
Patd,0.32314277393592766,
Lon-i,0.33564922182328377,
Pp_1430,-0.06108194350438922,
Mucb,0.21001923611395346,
Rpoe,0.10786824140067049,
Kgtp,0.32692500016865406,
Pitb,0.040476973152094774,
Mcpg,0.5635752830125994,
Puru-ii,-0.07700920341293739,
Groel,0.1288672863262938,
Groes,0.352689089737872,
Tas,0.3528591898106918,
Ybgi,0.26211413063608574,
Yhdz,0.3273998355782972,
Yhdx,0.43671323473386203,
Yhdw,0.5804431108994733,
Ghrb,0.056821280993790746,
Dps,0.16258758019483305,
Gsta,0.011164586499284907,
Livk,0.08304655277643706,
Livg,0.10212291101463421,
Slyb,-0.25603707900622413,
Capb,-0.5110035620651745,
Mrp,0.0028214467631900698,
Tsaa,0.383380795215495,
Bfr-ii,0.4343543031946135,
Grxd,-0.12886574033936635,
Glti,0.6538488891961997,
Gltj,0.10491796763249775,
Gltk,0.5997742668707501,
Dctd-ii,0.16803327962371062,
Metr-i,0.11673916315083863,
Zwfa,0.538916356040668,
Oprb-i,-0.05917342264242596,
Gtsd,-0.2261353728485389,
Gtsc,0.027227687057558785,
Gtsb,0.0071195457361624805,
Gtsa,0.06693505001179538,
Gltr-ii,0.029919307720303157,
Gapa,-0.2908527046128768,
Gcvt-i,-0.4309941006077547,
Mlad,-0.07919900879826317,
Mlae,0.3273151700352888,
Mlaf,0.09011089699169232,
Kdsd,0.11939767874901061,
Kdsc,0.19620991503791319,
Lptb,0.3302823282045674,
Fumc-i,0.25516542541359316,
Rng,0.21012651374371072,
Rega,0.6625515020777316,
Dppa-iii,0.04160353736851999,
Opdp,-0.10686782929208181,
Yehx,-0.35835871656206947,
Spec,-0.030002968301434615,
Iscx,0.0388089857570185,
Ycfj,-0.26363560475474535,
Ptxb,0.2907577911073844,
Alac,0.10776920272709362,
Cra,0.10760961741576838,
Yiad,-0.3410199804093189,
Prmc,-0.024551895457759102,
Yjdm,-0.20742733766682303,
Fklb-i,-0.45499786663713715,
Etta,0.08131736639806046,
Yfih,0.10911930654446382,
Thio,0.22448031484009595,
Mmsa-i,-0.226988359389524,
Yfhm,0.3299189500308034,
Accc,0.27962342856518935,
Aldb-i,0.30822876536432875,
Ribab-i,0.007099171970947995,
Ribe,0.0671335057905364,
Trx,-0.046546360955521296,
Fdoh,0.2543936674539968,
Bfr-i,0.1734187237306748,
Hint,0.29581519904556103,
Paba,-0.3215722378551944,
Amgk,0.16558602184066354,
Yeag,0.5537508736032184,
Ycgb,0.374258830741498,
Dava,0.371902693665068,
Pp_0318,-0.2222236496471227,
Cbcx,0.5339034298284523,
Aotp,-0.1937462862072783,
Artj,0.4788485799606999,
Ygau,0.49385161009834466,
Ompr,0.2844894224194051,
Yhgf,-0.13321313125978648,
Pp_0235,0.3604353738486497,
Fliy,0.14148996790495602,
Pp_0189,0.5542225315539944,
Algr,0.23209342643523415,
Pp_0181,-0.06785714285714285,
Paxb,0.26229247204116773,
Scpc,0.4164195904495125,
Dsba,-0.057359979976502176,
Cc,0.4826964725623145,
Metq,0.6377513003139051,
Qor-i,0.42062980424598745,
Ef_1364;mvae,0.3214285714285714,
Ef_1363,0.3399131855959552,
Pp_5483,0.5208791208791209,
Trua,-0.31666666666666665,
Pp_5531,-0.7857142857142859,
Pp_5538,0.29351462558130836,
Pp_5641,-0.6016511867905057,
Pp_5651,0.1764705882352941,
Pp_5658,-0.5171568627450981,
Ldcc,0.21138571964122457,
Pp_5710,-0.4342999025517239,
Alb,,
Cusf,0.49999999999999994,
Copr-ii,-0.2529411764705882,
Copa-ii,0.3152076929097375,
Lpd,0.1549522410324555,
Zwf,0.0,
Pp_5329,0.24143745878931197,
Alkt,0.15901696608262547,
Hgls,-0.23636363636363636,
Ubik,0.24045407636738902,
Rbba,0.46153846153846156,
Visc,0.13026517343152638,
Fbpa,-0.09890109890109891,
Spuc-ii,-0.27595926125178655,
Sbp-ii,0.025233303057667956,
Yggw,0.21428571428571433,
Selo,-0.05049705663299932,
Glnq,-0.20743034055727552,
Ubij,-0.2571428571428571,
Yhjg,0.3846153846153847,
Mnat,0.3519091847265222,
Urtd,-0.26470588235294124,
Folk,0.2142857142857143,
Ggt,0.09999999999999999,
Yqef,-0.5480450303354018,
Folm,-0.09184726522187822,
Pxpa2,0.10216718266253869,
Ybgj,0.19117647058823528,
Mscmb,-0.049999999999999996,
Ycio,0.2053663570691434,
Hisp,-0.3097525741081076,
Pp_4470,0.3262838564700426,
Bkdab,-0.4730392156862746,
Ccmg,0.029927760577915376,
Pucm,0.5995872033023736,
Pvdy,-0.39285714285714296,
Pp_4231,0.06666666666666665,
Pvdi,0.5,
Pvdj,,
Pvdn,,
Pvdm,,
Yejf,0.4294117647058823,
Rnha,0.22058823529411767,
Pp_4114,0.14411764705882352,
Rara,0.31322448694705296,
Tusd,-0.13186813186813187,
Bett-iii,0.468317025915379,
Yfbs,0.15,
Pp_3925,-0.4761904761904762,
Pp_3923,1.0,
Pp_3802,,
Aspc,,
Hbd,0.21209821444601257,
Pp_3704,0.0,
Atnudx,-0.11940833352289607,
Mdta,-0.0001930732824268081,
Pp_3582,0.21678321678321683,
Quia,0.6140350877192982,
Pp_3535,0.46373626373626364,
Pagl-ii,0.2549019607843137,
Pp_2906,0.018181818181818184,
Yqhd,0.41958041958041964,
Cura,0.2693855645239433,
Puub,0.3142857142857143,
Dkgb,0.29090909090909095,
Qued,0.5357142857142858,
Pp_2146,0.19999999999999998,
Pp_2093,0.19999999999999998,
Ppgl,0.3875232118722762,
Holb,0.045454545454545456,
Yceg,-0.06071428571428571,
Gstb,0.38235294117647056,
Gpx,0.09185951104354137,
Pp_1822,0.08823529411764706,
Actp-i,-0.1964285714285714,
Pp_1689,0.3736263736263736,
Hda,-0.36176470588235293,
Mazg,-0.1264705882352941,
Pp_1644,-0.02784556443580598,
Rsep,-0.06785714285714285,
Tsab,0.33541097498684547,
Ydcs,0.6202895594320463,
Nudl,0.010837746333780464,
Sdhe,-0.1496388028895769,
Pduo,0.11208791208791209,
Degs,0.7626373626373627,
Kup,0.7999999999999999,
Livf-i,-0.19349121635000208,
Ding,-0.21470588235294116,
Gltl,-0.04184569282339041,
Yihs,0.5378271381951806,
Pp_0918,0.15384615384615383,
Dppa-i,-0.6,
Yehw,0.38480392156862747,
Pp_0820,0.3,
Opdc,-0.07802700789345383,
Yfch,0.49650349650349657,
Moeb,0.26293104521528576,
Ppkb,0.4870750404120443,
Ycac-i,0.4511889808779067,
Pp_0615,0.2528379772961816,
Cmom,0.3274725274725274,
Rpmd,-0.34365325077399383,
Muru,0.3941176470588235,
Aruc,0.07142857142857144,
Srka,0.1720943196248592,
Ltae,-0.31959780341853394,
Dctd-i,-0.11029411764705883,
Yrfg,-0.5989010989010989,
Scts,0.23076923076923078,
Yhes,-0.06311608403251813,
Algq,0.35539215686274517,
Czrsa,-0.0029411764705882353,
Pbpg,-0.40387048539222453,
Mexb,-0.1842105263157895,
Potf-ii,-0.0960669242545746,
Quic1,-0.3999999999999999,
Pp_2287,0.1424552429667519,
Mrpab,0.3497223250647908,
Ycfh,0.369752794835459,
Yege,0.3482897384305834,
Upps,-0.002122489156848873,
Pcaf-i,-0.44852941176470595,
Davb,-1.0,
Yjbb,0.27706645396918683,
Pp_0144,0.09070548712206047,
Mvae,0.598357064622125,
