,Line Name,rep,is_control,line_name_norep,number_of_grna,isoprenol,dCas9,dCas9_normtocontrol,target_1,target_2,target_3,target_4,target_1_value,target_2_value,target_3_value,target_4_value,target_1_control,target_2_control,target_3_control,target_4_control,target_1_norm,target_2_norm,target_3_norm,target_4_norm,has_missing_control,above_dcas9_thresh,target_1_belowthresh,target_2_belowthresh,target_3_belowthresh,target_4_belowthresh,all_targets_belowthresh,all_reps_belowthresh,all_reps_above_dcas9_thresh,to_keep,to_keep_improved
0,PP_0751_PP_0813_PP_0815-R1,1,False,PP_0751_PP_0813_PP_0815,3,818.6499,13872740.8,0.9259303470749698,PP_0751,PP_0813,PP_0815,,377848.0,3355569.6,,,17770618.258333333,8685842.9,,,0.02126251290231911,0.38632630576360066,,,True,True,True,True,True,False,True,True,True,True,True
1,PP_0751_PP_0813_PP_0815-R2,2,False,PP_0751_PP_0813_PP_0815,3,773.4597,17156121.0,1.1450782005521343,PP_0751,PP_0813,PP_0815,,495977.1,3220126.4,,,17770618.258333333,8685842.9,,,0.027909951853668177,0.3707327471925609,,,True,True,True,True,True,False,True,True,True,True,True
2,PP_0528_PP_0751_PP_0812_PP_0815-R1,1,False,PP_0528_PP_0751_PP_0812_PP_0815,4,762.3653,30954529.9,2.0660472957045033,PP_0528,PP_0751,PP_0812,PP_0815,32959.8,395357.4,98879.4,,3184623.625,17770618.258333333,12236302.725,,0.010349668871780729,0.02224781345548299,0.008080823286431072,,True,True,True,True,True,True,True,True,True,True,True
3,PP_0528_PP_0751_PP_0812_PP_0815-R3,3,False,PP_0528_PP_0751_PP_0812_PP_0815,4,748.9053,9242451.8,0.616883622809249,PP_0528,PP_0751,PP_0812,PP_0815,53118.3,621991.9,729960.8,,3184623.625,17770618.258333333,12236302.725,,0.01667961626077556,0.03500114013806604,0.059655340048805475,,True,True,True,True,True,True,True,True,True,True,True
4,PP_0528_PP_0751_PP_0815-R2,2,False,PP_0528_PP_0751_PP_0815,3,748.225,14687992.4,0.9803439779374036,PP_0528,PP_0751,PP_0815,,86273.4,575156.0,,,3184623.625,17770618.258333333,,,0.027090611060828263,0.03236555935414836,,,True,True,True,True,True,False,True,True,True,True,True
5,PP_0528_PP_0751_PP_0815-R3,3,False,PP_0528_PP_0751_PP_0815,3,746.4432,22920852.8,1.529842840310135,PP_0528,PP_0751,PP_0815,,83611.8,557412.0,,,3184623.625,17770618.258333333,,,0.02625484510748111,0.03136705723441039,,,True,True,True,True,True,False,True,True,True,True,True
6,PP_0528_PP_0751_PP_0815-R1,1,False,PP_0528_PP_0751_PP_0815,3,736.2201,17542184.0,1.1708458158155006,PP_0528,PP_0751,PP_0815,,70947.9,472986.0,,,3184623.625,17770618.258333333,,,0.022278268440591623,0.026616181447609372,,,True,True,True,True,True,False,True,True,True,True,True
7,PP_0528_PP_0751_PP_0813_PP_0815-R1,1,False,PP_0528_PP_0751_PP_0813_PP_0815,4,724.6307,20915064.0,1.3959672964274807,PP_0528,PP_0751,PP_0813,PP_0815,53644.8,621219.4,1259408.0,,3184623.625,17770618.258333333,8685842.9,,0.016844941919941955,0.03495766950644422,0.14499548454877073,,True,True,True,True,True,True,True,True,True,True,True
8,PP_0751_PP_0813_PP_0815-R3,3,False,PP_0751_PP_0813_PP_0815,3,721.3627,27358241.8,1.8260145338572855,PP_0751,PP_0813,PP_0815,,437396.0,3567479.2,,,17770618.258333333,8685842.9,,,0.024613437396579493,0.41072343134366385,,,True,True,True,True,True,False,True,True,True,True,True
9,PP_0528_PP_0751_PP_0813_PP_0815-R2,2,False,PP_0528_PP_0751_PP_0813_PP_0815,4,719.4565,19856595.8,1.3253202741898982,PP_0528,PP_0751,PP_0813,PP_0815,51189.3,1741447.7,1951675.4,,3184623.625,17770618.258333333,8685842.9,,0.01607389319043942,0.0979958983240984,0.22469614319181386,,True,True,True,True,True,True,True,True,True,True,True
10,PP_0528_PP_0751_PP_0813_PP_0815-R3,3,False,PP_0528_PP_0751_PP_0813_PP_0815,4,714.812,9932367.4,0.6629317541893462,PP_0528,PP_0751,PP_0813,PP_0815,49150.8,1818190.6,98301.6,,3184623.625,17770618.258333333,8685842.9,,0.015433786151102864,0.10231442561923133,0.011317450837154791,,True,True,True,True,True,True,True,True,True,True,True
11,PP_0528_PP_0751_PP_0812_PP_0815-R2,2,False,PP_0528_PP_0751_PP_0812_PP_0815,4,706.0525,24357135.9,1.6257069617879116,PP_0528,PP_0751,PP_0812,PP_0815,56463.3,812552.9,169389.9,,3184623.625,17770618.258333333,12236302.725,,0.01772997586174724,0.04572451493740025,0.01384322567093076,,True,True,True,True,True,True,True,True,True,True,True
12,PP_0368_PP_0751_PP_0814_PP_0815-R3,3,False,PP_0368_PP_0751_PP_0814_PP_0815,4,704.5033,9963169.0,0.6649875942421255,PP_0368,PP_0751,PP_0814,PP_0815,162372.0,1304129.0,,,11090248.441666666,17770618.258333333,,,0.014640970475463793,0.07338681080431421,,,True,True,True,True,True,True,True,True,True,True,True
13,PP_0368_PP_0751_PP_0813_PP_0815-R1,1,False,PP_0368_PP_0751_PP_0813_PP_0815,4,703.8658,26148517.5,1.7452719857831496,PP_0368,PP_0751,PP_0813,PP_0815,177438.8,2265431.6,3476551.6,,11090248.441666666,17770618.258333333,8685842.9,,0.01599953336783266,0.1274818673760915,0.400254948198522,,True,True,True,True,True,True,True,True,True,True,True
14,PP_0368_PP_0751_PP_0813_PP_0815-R2,2,False,PP_0368_PP_0751_PP_0813_PP_0815,4,691.0291,25870756.2,1.7267329226938288,PP_0368,PP_0751,PP_0813,PP_0815,232265.6,3853376.2,1572472.6,,11090248.441666666,17770618.258333333,8685842.9,,0.02094322784757152,0.2168397375928664,0.18103857254890024,,True,True,True,True,True,True,True,True,True,True,True
15,PP_0528_PP_0813_PP_0815-R2,2,False,PP_0528_PP_0813_PP_0815,3,661.7207,28520607.92,1.903596179794171,PP_0528,PP_0813,PP_0815,,23843.64,2291791.52,,,3184623.625,8685842.9,,,0.007487113959973841,0.26385366928522275,,,True,True,True,True,True,False,True,True,True,True,True
16,PP_0368_PP_0751_PP_0814_PP_0815-R2,2,False,PP_0368_PP_0751_PP_0814_PP_0815,4,656.3714,12569507.4,0.8389465727957233,PP_0368,PP_0751,PP_0814,PP_0815,294380.8,3254091.6,,,11090248.441666666,17770618.258333333,,,0.026544112293643063,0.1831163976793002,,,True,True,True,True,True,True,True,True,True,True,True
17,PP_0528_PP_0813_PP_0815-R3,3,False,PP_0528_PP_0813_PP_0815,3,652.3416,26585186.4,1.774417270911943,PP_0528,PP_0813,PP_0815,,77802.0,2164840.0,,,3184623.625,8685842.9,,,0.024430516494708225,0.24923775676394053,,,True,True,True,True,True,False,True,True,True,True,True
18,PP_0368_PP_0751_PP_0813_PP_0815-R3,3,False,PP_0368_PP_0751_PP_0813_PP_0815,4,647.5868,30635776.1,2.0447722051567534,PP_0368,PP_0751,PP_0813,PP_0815,246062.6,4366649.3,1672372.6,,11090248.441666666,17770618.258333333,8685842.9,,0.022187293755794455,0.24572298141356497,0.19254004697690308,,True,True,True,True,True,True,True,True,True,True,True
19,PP_0368_PP_0813_PP_0814_PP_0815-R2,2,False,PP_0368_PP_0813_PP_0814_PP_0815,4,639.6017,15461938.8,1.0320007103092377,PP_0368,PP_0813,PP_0814,PP_0815,285527.2,1231974.0,,,11090248.441666666,8685842.9,,,0.02574578933031462,0.1418370115812249,,,True,True,True,True,True,True,True,True,True,True,True
20,PP_0368_PP_0813_PP_0814_PP_0815-R1,1,False,PP_0368_PP_0813_PP_0814_PP_0815,4,627.1498,16537536.5,1.1037910339397374,PP_0368,PP_0813,PP_0814,PP_0815,235949.0,1184267.5,,,11090248.441666666,8685842.9,,,0.021275357467514144,0.1363445682398884,,,True,True,True,True,True,True,True,True,True,True,True
21,PP_0528_PP_0813_PP_0815-R1,1,False,PP_0528_PP_0813_PP_0815,3,613.9456,24473919.0,1.6335016014971386,PP_0528,PP_0813,PP_0815,,45546.0,3593914.0,,,3184623.625,8685842.9,,,0.014301847051078133,0.4137668665409548,,,True,True,True,True,True,False,True,True,True,True,True
22,PP_0812_PP_0813_PP_0815_PP_1506-R1,1,False,PP_0812_PP_0813_PP_0815_PP_1506,4,611.1875,8670414.4,0.5787032231349566,PP_0812,PP_0813,PP_0815,PP_1506,172905.3,115270.2,,35548095.1,12236302.725,8685842.9,,29941416.25,0.014130518334327985,0.013271043619727453,,1.1872549649350672,True,True,True,True,True,False,False,False,True,True,False
23,PP_0812_PP_0813_PP_0815_PP_1506-R3,3,False,PP_0812_PP_0813_PP_0815_PP_1506,4,606.8789,8941632.8,0.5968055830698527,PP_0812,PP_0813,PP_0815,PP_1506,260648.6,152388.7,,35423063.2,12236302.725,8685842.9,,29941416.25,0.02130125462387169,0.01754449185351948,,1.1830790803023556,True,True,True,True,True,False,False,False,True,True,False
24,PP_0368_PP_0813_PP_0814_PP_0815-R3,3,False,PP_0368_PP_0813_PP_0814_PP_0815,4,605.2812,14132027.1,0.943236303930358,PP_0368,PP_0813,PP_0814,PP_0815,371464.8,159199.2,,,11090248.441666666,8685842.9,,,0.033494723040142775,0.018328583861446538,,,True,True,True,True,True,True,True,True,True,True,True
25,PP_0368_PP_0751_PP_0814_PP_0815-R1,1,False,PP_0368_PP_0751_PP_0814_PP_0815,4,584.5668,29443125.7,1.9651692474765303,PP_0368,PP_0751,PP_0814,PP_0815,196737.8,2953602.6,,,11090248.441666666,17770618.258333333,,,0.017739710795012072,0.16620708165935313,,,True,True,True,True,True,True,True,True,True,True,True
26,PP_0812_PP_0813_PP_0815_PP_1506-R2,2,False,PP_0812_PP_0813_PP_0815_PP_1506,4,584.029,10354285.1,0.6910924765750822,PP_0812,PP_0813,PP_0815,PP_1506,279623.4,176783.5,,32853941.8,12236302.725,8685842.9,,29941416.25,0.022851951793306097,0.02035306210753593,,1.0972741411321851,True,True,True,True,True,False,False,False,True,True,False
27,PP_0751_PP_0812_PP_0815-R2,2,False,PP_0751_PP_0812_PP_0815,3,565.9666,12379373.3,0.8262561509287057,PP_0751,PP_0812,PP_0815,,10197238.4,5080079.3,,,17770618.258333333,12236302.725,,,0.5738257528107171,0.4151645651607561,,,True,True,False,True,True,False,False,False,True,True,False
28,PP_0812_PP_0815_PP_1506-R3,3,False,PP_0812_PP_0815_PP_1506,3,557.0017,7638335.6,0.5098175504859931,PP_0812,PP_0815,PP_1506,,62705.7,,37113524.3,,12236302.725,,29941416.25,,0.0051245626566500295,,1.2395380362143023,,True,True,True,True,False,False,False,False,True,True,False
29,PP_0812_PP_0815_PP_1506-R1,1,False,PP_0812_PP_0815_PP_1506,3,552.4389,7028652.4,0.46912449746061136,PP_0812,PP_0815,PP_1506,,210642.3,,34460331.8,,12236302.725,,29941416.25,,0.017214538143914708,,1.1509252438918949,,True,True,True,True,False,False,False,False,True,True,False
30,PP_0751_PP_0812_PP_0815-R3,3,False,PP_0751_PP_0812_PP_0815,3,540.339,12098139.6,0.8074853239375334,PP_0751,PP_0812,PP_0815,,11937537.3,3761193.4,,,17770618.258333333,12236302.725,,,0.6717570051003727,0.3073798911754204,,,True,True,False,True,True,False,False,False,True,True,False
31,PP_0812_PP_0815_PP_1506-R2,2,False,PP_0812_PP_0815_PP_1506,3,538.1355,10596137.1,0.7072347882876153,PP_0812,PP_0815,PP_1506,,137823.3,,37332059.4,,12236302.725,,29941416.25,,0.01126347583068643,,1.2468367924980837,,True,True,True,True,False,False,False,False,True,True,False
32,PP_0751_PP_0812_PP_0815-R1,1,False,PP_0751_PP_0812_PP_0815,3,529.8337,8754500.7,0.584315528451239,PP_0751,PP_0812,PP_0815,,10084902.1,3988192.4,,,17770618.258333333,12236302.725,,,0.5675042901375025,0.3259311647996188,,,True,True,False,True,True,False,False,False,True,True,False
33,PP_0813_PP_0815_PP_2136-R3,3,False,PP_0813_PP_0815_PP_2136,3,522.6864,30848408.5,2.0589642667522083,PP_0813,PP_0815,PP_2136,,2481318.5,,952510.9,,8685842.9,,19036028.13333333,,0.285673886641445,,0.050037271080309614,,True,True,True,True,True,False,True,True,True,True,True
34,PP_0815_PP_4191-R1,1,False,PP_0815_PP_4191,2,520.7546,13683699.33,0.9133128523454018,PP_0815,PP_4191,,,,11838237.65,,,,54461826.74166667,,,,0.2173676198221059,,,True,True,True,True,False,False,True,True,True,True,True
35,PP_0815_PP_4191-R3,3,False,PP_0815_PP_4191,2,518.4426,17468090.21,1.1659004564463702,PP_0815,PP_4191,,,,10785243.54,,,,54461826.74166667,,,,0.19803308455220472,,,True,True,True,True,False,False,True,True,True,True,True
36,PP_0815_PP_4191-R2,2,False,PP_0815_PP_4191,2,517.8298,15526371.5,1.0363012442220443,PP_0815,PP_4191,,,,12916549.4,,,,54461826.74166667,,,,0.23716702455222716,,,True,True,True,True,False,False,True,True,True,True,True
37,PP_0814_PP_0815_PP_4189-R1,1,False,PP_0814_PP_0815_PP_4189,3,509.1121,12350710.1,0.8243430374995065,PP_0814,PP_0815,PP_4189,,,,59035835.1,,,,139969493.35,,,,0.4217764434738522,,True,True,True,True,True,False,True,True,True,True,True
38,PP_0813_PP_0815_PP_2136-R1,1,False,PP_0813_PP_0815_PP_2136,3,506.602,23928133.4,1.5970733673563753,PP_0813,PP_0815,PP_2136,,2801273.3,,1012417.3,,8685842.9,,19036028.13333333,,0.3225102425004716,,0.05318427210281283,,True,True,True,True,True,False,True,True,True,True,True
39,PP_0814_PP_0815_PP_4189-R2,2,False,PP_0814_PP_0815_PP_4189,3,486.2498,21328850.4,1.4235852985577375,PP_0814,PP_0815,PP_4189,,,,57395824.1,,,,139969493.35,,,,0.4100595260174242,,True,True,True,True,True,False,True,True,True,True,True
40,PP_0814_PP_0815_PP_4189-R3,3,False,PP_0814_PP_0815_PP_4189,3,483.9948,17018480.8,1.1358914623296867,PP_0814,PP_0815,PP_4189,,,,57172679.6,,,,139969493.35,,,,0.4084652893401361,,True,True,True,True,True,False,True,True,True,True,True
41,PP_0813_PP_0815_PP_2136-R2,2,False,PP_0813_PP_0815_PP_2136,3,461.7207,31596980.3,2.108927381941713,PP_0813,PP_0815,PP_2136,,2410680.0,,1570000.0,,8685842.9,,19036028.13333333,,0.2775412850260048,,0.08247518804885708,,True,True,True,True,True,False,True,True,True,True,True
42,PP_0751_PP_0815_PP_2136-R3,3,False,PP_0751_PP_0815_PP_2136,3,443.289,22230302.0,1.4837523127687495,PP_0751,PP_0815,PP_2136,,5498558.8,,6119909.0,,17770618.258333333,,19036028.13333333,,0.30941854245400335,,0.3214908570808235,,True,True,True,True,True,False,True,False,True,True,False
43,PP_0528_PP_2136-R1,1,False,PP_0528_PP_2136,2,435.4961,14755154.27,0.9848266691731039,PP_0528,PP_2136,,,29162.61,233300.88,,,3184623.625,19036028.13333333,,,0.009157317609235533,0.012255754108257222,,,False,True,True,True,False,False,True,True,True,True,True
44,PP_0751_PP_0815_PP_2136-R1,1,False,PP_0751_PP_0815_PP_2136,3,427.3335,22350923.02,1.4918031128610527,PP_0751,PP_0815,PP_2136,,4040328.8,,10708932.8,,17770618.258333333,,19036028.13333333,,0.22736005811758028,,0.5625613034920851,,True,True,True,True,False,False,False,False,True,True,False
45,PP_0812_PP_0815_PP_1769-R2,2,False,PP_0812_PP_0815_PP_1769,3,423.7996,21124136.2,1.4099217339463974,PP_0812,PP_0815,PP_1769,,2572459.7,,11836442.2,,12236302.725,,8626299.075,,0.21023177979604948,,1.3721344573252001,,True,True,True,True,False,False,False,False,True,True,False
46,PP_0368_PP_0815_PP_2136-R3,3,False,PP_0368_PP_0815_PP_2136,3,423.5372,13788863.2,0.920331971353871,PP_0368,PP_0815,PP_2136,,188806.8,,814367.6,,11090248.441666666,,19036028.13333333,,0.01702457803295394,,0.04278033181585759,,True,True,True,True,True,False,True,True,True,True,True
47,PP_0528_PP_0815_PP_1769-R1,1,False,PP_0528_PP_0815_PP_1769,3,418.4216,21536594.1,1.4374510658936082,PP_0528,PP_0815,PP_1769,,66341.1,,6337542.8,,3184623.625,,8626299.075,,0.02083169247354937,,0.7346769158939693,,True,True,True,True,False,False,False,False,True,True,False
48,PP_0812_PP_0815_PP_1769-R3,3,False,PP_0812_PP_0815_PP_1769,3,418.2505,23743099.5,1.5847233562289682,PP_0812,PP_0815,PP_1769,,2968089.4,,12695624.3,,12236302.725,,8626299.075,,0.24256423420580256,,1.4717347717277007,,True,True,True,True,False,False,False,False,True,True,False
49,PP_0528_PP_0815_PP_1769-R3,3,False,PP_0528_PP_0815_PP_1769,3,418.0413,19342195.0,1.2909868055447085,PP_0528,PP_0815,PP_1769,,52569.0,,10091053.3,,3184623.625,,8626299.075,,0.01650713119984469,,1.1698010018276583,,True,True,True,True,False,False,False,False,True,True,False
50,PP_0368_PP_0815_PP_2136-R1,1,False,PP_0368_PP_0815_PP_2136,3,415.5475,12401134.4,0.8277085865480416,PP_0368,PP_0815,PP_2136,,268735.6,,460689.6,,11090248.441666666,,19036028.13333333,,0.024231702419789416,,0.024200930823027225,,True,True,True,True,True,False,True,True,True,True,True
51,PP_0751_PP_0815_PP_2136-R2,2,False,PP_0751_PP_0815_PP_2136,3,413.9613,11734463.4,0.78321190638122,PP_0751,PP_0815,PP_2136,,5647767.6,,4201735.8,,17770618.258333333,,19036028.13333333,,0.3178149188676394,,0.22072544601058275,,True,True,True,True,True,False,True,False,True,True,False
52,PP_0528_PP_0815_PP_1769-R2,2,False,PP_0528_PP_0815_PP_1769,3,407.4656,18253227.7,1.218304133491736,PP_0528,PP_0815,PP_1769,,60124.2,,7393964.8,,3184623.625,,8626299.075,,0.018879530858218762,,0.8571421806401954,,True,True,True,True,False,False,False,False,True,True,False
53,PP_0528_PP_0815_PP_2136-R2,2,False,PP_0528_PP_0815_PP_2136,3,407.3949,20727875.6,1.3834734840886522,PP_0528,PP_0815,PP_2136,,71969.7,,2301767.7,,3184623.625,,19036028.13333333,,0.022599122682825667,,0.1209163846511371,,True,True,True,True,True,False,True,True,True,True,True
54,PP_0814_PP_0815_PP_4120-R3,3,False,PP_0814_PP_0815_PP_4120,3,406.1429,36086139.4,2.408554449401789,PP_0814,PP_0815,PP_4120,,,,89905.8,,,,3052578.7166666663,,,,0.02945241002603029,,True,True,True,True,True,False,True,True,True,True,True
55,PP_0812_PP_1506-R1,1,False,PP_0812_PP_1506,2,406.0365,9691139.5,0.6468310977731919,PP_0812,PP_1506,,,132574.5,55969520.5,,,12236302.725,29941416.25,,,0.010834522729577205,1.869301038824441,,,False,True,True,False,False,False,False,False,True,False,False
56,PP_0815_PP_1506_PP_4189-R3,3,False,PP_0815_PP_1506_PP_4189,3,404.306,27225159.1,1.8171319840874034,PP_0815,PP_1506,PP_4189,,,16257792.1,78990164.6,,,29941416.25,139969493.35,,,0.5429867433208007,0.5643384333933505,,True,True,True,False,False,False,False,False,True,True,False
57,PP_0528_PP_0815_PP_2136-R1,1,False,PP_0528_PP_0815_PP_2136,3,401.7451,17444047.0,1.164295702338941,PP_0528,PP_0815,PP_2136,,36024.6,,3696188.6,,3184623.625,,19036028.13333333,,0.01131204319317326,,0.19416805722868902,,True,True,True,True,True,False,True,True,True,True,True
58,PP_0812_PP_1506-R2,2,False,PP_0812_PP_1506,2,400.8658,9573343.0,0.6389688191000968,PP_0812,PP_1506,,,190829.7,57744282.3,,,12236302.725,29941416.25,,,0.015595372580159831,1.9285755161965659,,,False,True,True,False,False,False,False,False,True,False,False
59,PP_0528_PP_0815_PP_2136-R3,3,False,PP_0528_PP_0815_PP_2136,3,398.6422,24980379.5,1.6673050981028534,PP_0528,PP_0815,PP_2136,,47171.1,,377368.8,,3184623.625,,19036028.13333333,,0.014812142832106258,,0.01982392531450416,,True,True,True,True,True,False,True,True,True,True,True
60,PP_0528_PP_2136-R3,3,False,PP_0528_PP_2136,2,392.853,15654404.8,1.0448467738773057,PP_0528,PP_2136,,,54780.9,594668.9,,,3184623.625,19036028.13333333,,,0.017201687373653143,0.031239126977265594,,,False,True,True,True,False,False,True,True,True,True,True
61,PP_0812_PP_0815_PP_1769-R1,1,False,PP_0812_PP_0815_PP_1769,3,390.287,20977509.1,1.400135168800338,PP_0812,PP_0815,PP_1769,,3595560.2,,13499563.4,,12236302.725,,8626299.075,,0.29384367817689805,,1.5649310651798845,,True,True,True,True,False,False,False,False,True,True,False
62,PP_0813_PP_0815_PP_1769-R3,3,False,PP_0813_PP_0815_PP_1769,3,385.8689,29190746.9,1.948324328851772,PP_0813,PP_0815,PP_1769,,692162.5,,9694148.6,,8685842.9,,8626299.075,,0.07968858151924438,,1.1237899956534954,,True,True,True,True,False,False,False,False,True,True,False
63,PP_0813_PP_0815_PP_1769-R1,1,False,PP_0813_PP_0815_PP_1769,3,384.2869,25922624.6,1.7301948575995991,PP_0813,PP_0815,PP_1769,,68231.4,,6750185.0,,8685842.9,,8626299.075,,0.00785547249536369,,0.7825122849685108,,True,True,True,True,False,False,False,False,True,True,False
64,PP_0815_PP_1506_PP_4189-R1,1,False,PP_0815_PP_1506_PP_4189,3,383.4839,20172558.0,1.3464090405502247,PP_0815,PP_1506,PP_4189,,,15392018.0,82388242.0,,,29941416.25,139969493.35,,,0.5140711405059205,0.5886157049521106,,True,True,True,False,False,False,False,False,True,True,False
65,PP_0814_PP_0815_PP_4120-R1,1,False,PP_0814_PP_0815_PP_4120,3,378.7317,21208650.0,1.4155625725733705,PP_0814,PP_0815,PP_4120,,,,112071.6,,,,3052578.7166666663,,,,0.03671374611508108,,True,True,True,True,True,False,True,True,True,True,True
66,PP_0368_PP_0815_PP_2136-R2,2,False,PP_0368_PP_0815_PP_2136,3,378.3061,12108993.3,0.8082097496550562,PP_0368,PP_0815,PP_2136,,255691.8,,438328.8,,11090248.441666666,,19036028.13333333,,0.023055552032482156,,0.023026274017343862,,True,True,True,True,True,False,True,True,True,True,True
67,PP_0813_PP_0815_PP_1769-R2,2,False,PP_0813_PP_0815_PP_1769,3,369.4348,33730449.2,2.2513248812917084,PP_0813,PP_0815,PP_1769,,686573.2,,10047962.7,,8685842.9,,8626299.075,,0.0790450861136344,,1.164805742606368,,True,True,True,True,False,False,False,False,True,True,False
68,PP_0528_PP_2136-R2,2,False,PP_0528_PP_2136,2,369.4184,20910107.78,1.3956364955734217,PP_0528,PP_2136,,,28650.72,229205.76,,,3184623.625,19036028.13333333,,,0.008996579619357688,0.012040629399924334,,,False,True,True,True,False,False,True,True,True,True,True
69,PP_0528_PP_4192-R3,3,False,PP_0528_PP_4192,2,368.1026,11072029.7,0.7389980430503951,PP_0528,PP_4192,,,79897.5,2013265.0,,,3184623.625,7732096.708333333,,,0.025088522038455956,0.2603776279505385,,,False,True,True,True,False,False,True,False,True,False,False
70,PP_0528_PP_4192-R1,1,False,PP_0528_PP_4192,2,365.5649,10719584.0,0.7154742005717639,PP_0528,PP_4192,,,35503.5,1413669.0,,,3184623.625,7732096.708333333,,,0.011148413181793186,0.18283126211760986,,,False,True,True,True,False,False,True,False,True,False,False
71,PP_0812_PP_1506-R3,3,False,PP_0812_PP_1506,2,365.2459,9898578.3,0.6606765146846659,PP_0812,PP_1506,,,184268.7,61983316.3,,,12236302.725,29941416.25,,,0.0150591812037733,2.0701531210969355,,,False,True,True,False,False,False,False,False,True,False,False
72,PP_0528_PP_4192-R2,2,False,PP_0528_PP_4192,2,362.9127,17104415.9,1.1416271650373249,PP_0528,PP_4192,,,3765158.6,1245158.6,,,3184623.625,7732096.708333333,,,1.1822931194891202,0.1610376392030922,,,False,True,False,True,False,False,False,False,True,False,False
73,PP_0815_PP_1506_PP_4189-R2,2,False,PP_0815_PP_1506_PP_4189,3,360.6876,24104295.4,1.6088312271876077,PP_0815,PP_1506,PP_4189,,,16408084.4,78233447.8,,,29941416.25,139969493.35,,,0.5480062887806785,0.5589321353359031,,True,True,True,False,False,False,False,False,True,True,False
74,PP_0528_PP_1769-R3,3,False,PP_0528_PP_1769,2,350.8494,20883261.4,1.3938446450437045,PP_0528,PP_1769,,,48426.6,10479348.0,,,3184623.625,8626299.075,,,0.015206380942426123,1.214813897465061,,,False,True,True,False,False,False,False,False,True,False,False
75,PP_0814_PP_0815_PP_4120-R2,2,False,PP_0814_PP_0815_PP_4120,3,350.3163,27524604.3,1.837118330113989,PP_0814,PP_0815,PP_4120,,,,62172.6,,,,3052578.7166666663,,,,0.020367238905436253,,True,True,True,True,True,False,True,True,True,True,True
76,PP_0528_PP_1769-R1,1,False,PP_0528_PP_1769,2,343.8137,14926147.3,0.9962395282395187,PP_0528,PP_1769,,,43308.9,10819288.0,,,3184623.625,8626299.075,,,0.013599377854266846,1.2542212953589256,,,False,True,True,False,False,False,False,False,True,False,False
77,PP_0528_PP_1769-R2,2,False,PP_0528_PP_1769,2,324.2522,13261895.0,0.8851596967934271,PP_0528,PP_1769,,,84819.3,12151189.3,,,3184623.625,8626299.075,,,0.026634010793033666,1.4086213791515223,,,False,True,True,False,False,False,False,False,True,False,False
78,PP_0368_PP_0815_PP_1506-R3,3,False,PP_0368_PP_0815_PP_1506,3,316.8816,1790744.68,0.11952251303326128,PP_0368,PP_0815,PP_1506,,12111327.68,,22655535.84,,11090248.441666666,,29941416.25,,1.0920700057987054,,0.7566621315048849,,True,False,False,True,False,False,False,False,False,False,False
79,PP_0368_PP_0815_PP_1506-R2,2,False,PP_0368_PP_0815_PP_1506,3,309.7973,2556823.3,0.17065411368302716,PP_0368,PP_0815,PP_1506,,12496836.8,,23296948.6,,11090248.441666666,,29941416.25,,1.1268310954197118,,0.778084390046179,,True,False,False,True,False,False,False,False,False,False,False
80,PP_0368_PP_0815_PP_1506-R1,1,False,PP_0368_PP_0815_PP_1506,3,289.3695,479945.6,0.03203377057150124,PP_0368,PP_0815,PP_1506,,14602267.8,,21465493.5,,11090248.441666666,,29941416.25,,1.3166763465044198,,0.7169164384466951,,True,False,False,True,False,False,False,False,False,False,False
81,PP_0815_PP_1506_PP_2136-R1,1,False,PP_0815_PP_1506_PP_2136,3,287.9215,20447764.7,1.3647775979191015,PP_0815,PP_1506,PP_2136,,,14684910.2,6469320.2,,,29941416.25,19036028.13333333,,,0.4904547626400271,0.33984611467724185,,True,True,True,True,True,False,True,False,True,True,False
82,PP_0815_PP_1506_PP_2136-R3,3,False,PP_0815_PP_1506_PP_2136,3,287.891,24234057.0,1.6174921115115624,PP_0815,PP_1506,PP_2136,,,17138759.6,5950990.2,,,29941416.25,19036028.13333333,,,0.5724097837222379,0.3126172202687297,,True,True,True,False,True,False,False,False,True,True,False
83,PP_0368_PP_0528_PP_0751_PP_0815-R3,3,False,PP_0368_PP_0528_PP_0751_PP_0815,4,279.7427,11628169.1,0.7761173372899347,PP_0368,PP_0528,PP_0751,PP_0815,165314.8,1612458.2,24326105.4,,11090248.441666666,3184623.625,17770618.258333333,,0.014906320707740261,0.5063261439568074,1.3688947140931658,,True,True,True,False,False,True,False,False,True,True,False
84,PP_0751_PP_0815_PP_4120-R1,1,False,PP_0751_PP_0815_PP_4120,3,274.4607,5777494.5,0.3856164808909807,PP_0751,PP_0815,PP_4120,,18517147.7,,1175005.9,,17770618.258333333,,3052578.7166666663,,1.0420091991631517,,0.3849223915454258,,True,True,False,True,True,False,False,False,True,True,False
85,PP_0815_PP_1506_PP_2136-R2,2,False,PP_0815_PP_1506_PP_2136,3,264.9655,21664436.0,1.4459838206350304,PP_0815,PP_1506,PP_2136,,,14848946.0,12279890.0,,,29941416.25,19036028.13333333,,,0.49593332112337873,0.6450867751396685,,True,True,True,True,False,False,False,False,True,True,False
86,PP_0751_PP_0815_PP_4120-R2,2,False,PP_0751_PP_0815_PP_4120,3,264.2251,10368567.3,0.6920457361071132,PP_0751,PP_0815,PP_4120,,20566751.0,,429444.1,,17770618.258333333,,3052578.7166666663,,1.1573458334999376,,0.1406823999837558,,True,True,False,True,True,False,False,False,True,True,False
87,PP_0751_PP_0815_PP_1506-R2,2,False,PP_0751_PP_0815_PP_1506,3,260.1399,9916925.1,0.6619010642626206,PP_0751,PP_0815,PP_1506,,18575390.1,,23340644.8,,17770618.258333333,,29941416.25,,1.0452866540695218,,0.7795437799305837,,True,True,False,True,False,False,False,False,True,True,False
88,PP_0751_PP_0815_PP_4120-R3,3,False,PP_0751_PP_0815_PP_4120,3,255.2075,8446539.0,0.5637607521544891,PP_0751,PP_0815,PP_4120,,22885804.0,,4608371.9,,17770618.258333333,,3052578.7166666663,,1.28784511980994,,1.5096652134927475,,True,True,False,True,False,False,False,False,True,True,False
89,PP_0368_PP_0814_PP_0815_PP_1769-R3,3,False,PP_0368_PP_0814_PP_0815_PP_1769,4,255.0127,9618561.7,0.6419869225296136,PP_0368,PP_0814,PP_0815,PP_1769,3181462.0,,,8186846.2,11090248.441666666,,,8626299.075,0.2868702190698519,,,0.9490566149887402,True,True,True,True,True,False,False,False,True,True,False
90,PP_0368_PP_0528_PP_0751_PP_0815-R1,1,False,PP_0368_PP_0528_PP_0751_PP_0815,4,254.7201,28849009.5,1.9255152074277997,PP_0368,PP_0528,PP_0751,PP_0815,213680.6,45788.7,26358926.3,,11090248.441666666,3184623.625,17770618.258333333,,0.0192674313045315,0.014378056998807825,1.4832869581022752,,True,True,True,True,False,True,False,False,True,True,False
91,PP_0368_PP_0815_PP_1769-R3,3,False,PP_0368_PP_0815_PP_1769,3,251.953,36428236.6,2.4313875855279528,PP_0368,PP_0815,PP_1769,,919516.2,,11209403.3,,11090248.441666666,,8626299.075,,0.08291213716595631,,1.2994452432661572,,True,True,True,True,False,False,False,False,True,True,False
92,PP_0368_PP_0815_PP_1769-R2,2,False,PP_0368_PP_0815_PP_1769,3,248.2446,43155148.8,2.880372558136166,PP_0368,PP_0815,PP_1769,,867406.8,,11239381.4,,11090248.441666666,,8626299.075,,0.07821346875703032,,1.3029204415799833,,True,True,True,True,False,False,False,False,True,True,False
93,PP_0368_PP_0815_PP_1769-R1,1,False,PP_0368_PP_0815_PP_1769,3,245.5413,33360152.7,2.2266095945499815,PP_0368,PP_0815,PP_1769,,1287660.3,,7227621.3,,11090248.441666666,,8626299.075,,0.11610743499326763,,0.8378588821417603,,True,True,True,True,False,False,False,False,True,True,False
94,PP_0751_PP_0815_PP_1506-R1,1,False,PP_0751_PP_0815_PP_1506,3,245.3584,7522175.1,0.5020644659562654,PP_0751,PP_0815,PP_1506,,18367649.9,,17779058.2,,17770618.258333333,,29941416.25,,1.033596559950113,,0.5937948309308849,,True,True,False,True,False,False,False,False,True,True,False
95,PP_0368_PP_0528_PP_0751_PP_0815-R2,2,False,PP_0368_PP_0528_PP_0751_PP_0815,4,236.3725,19143397.0,1.2777181152554897,PP_0368,PP_0528,PP_0751,PP_0815,412776.4,2009287.8,28961022.4,,11090248.441666666,3184623.625,17770618.258333333,,0.037219761321953496,0.6309341500284826,1.6297138331931165,,True,True,True,False,False,True,False,False,True,True,False
96,PP_0751_PP_0815_PP_1506-R3,3,False,PP_0751_PP_0815_PP_1506,3,232.7355,8440880.4,0.563383071237827,PP_0751,PP_0815,PP_1506,,16764279.0,,26324126.6,,17770618.258333333,,29941416.25,,0.943370610762998,,0.8791877571923473,,True,True,False,True,False,False,False,False,True,True,False
97,PP_0368_PP_0812_PP_0815-R2,2,False,PP_0368_PP_0812_PP_0815,3,231.2582,8656016.0,0.5777422078819847,PP_0368,PP_0812,PP_0815,,2643431.8,12684310.4,,,11090248.441666666,12236302.725,,,0.23835640958848883,1.0366129937341837,,,True,True,True,False,True,False,False,False,True,True,False
98,PP_0368_PP_0812_PP_0815-R1,1,False,PP_0368_PP_0812_PP_0815,3,227.1785,7616435.0,0.5083558039968531,PP_0368,PP_0812,PP_0815,,4164613.4,11180781.2,,,11090248.441666666,12236302.725,,,0.37552029802626613,0.9137385247225485,,,True,True,True,False,True,False,False,False,True,True,False
99,PP_0368_PP_0751_PP_0815_PP_4120-R2,2,False,PP_0368_PP_0751_PP_0815_PP_4120,4,223.6769,11924876.6,0.7959209566623046,PP_0368,PP_0751,PP_0815,PP_4120,141932.0,17496703.0,,2662296.0,11090248.441666666,17770618.258333333,,3052578.7166666663,0.012797909870689078,0.9845860591707392,,0.8721465511975905,True,True,True,False,True,False,False,False,True,True,False
100,PP_0368_PP_0812_PP_0815-R3,3,False,PP_0368_PP_0812_PP_0815,3,223.5996,7517819.7,0.5017737665846136,PP_0368,PP_0812,PP_0815,,2554122.0,11301249.0,,,11090248.441666666,12236302.725,,,0.23030340694659507,0.923583639109419,,,True,True,True,False,True,False,False,False,True,True,False
101,PP_0368_PP_0814_PP_0815_PP_1769-R2,2,False,PP_0368_PP_0814_PP_0815_PP_1769,4,223.4386,25583948.6,1.7075900680524636,PP_0368,PP_0814,PP_0815,PP_1769,4635419.0,,,6860049.5,11090248.441666666,,,8626299.075,0.41797251201194724,,,0.7952482797496794,True,True,True,True,True,False,False,False,True,True,False
102,PP_0368_PP_0814_PP_0815_PP_1769-R1,1,False,PP_0368_PP_0814_PP_0815_PP_1769,4,222.281,35300405.8,2.3561109852410183,PP_0368,PP_0814,PP_0815,PP_1769,4421804.0,,,6719075.4,11090248.441666666,,,8626299.075,0.3987109958138577,,,0.7789059180051674,True,True,True,True,True,False,False,False,True,True,False
103,PP_0815_PP_1769_PP_4189-R1,1,False,PP_0815_PP_1769_PP_4189,3,221.2313,8930906.8,0.5960896806360145,PP_0815,PP_1769,PP_4189,,,9456054.7,69349548.8,,,8626299.075,139969493.35,,,1.0961890629788997,0.49546188344476133,,True,True,True,False,True,False,False,False,True,True,False
104,PP_0751_PP_0812_PP_0815_PP_1506-R3,3,False,PP_0751_PP_0812_PP_0815_PP_1506,4,221.2184,547702.4,0.036556170163994844,PP_0751,PP_0812,PP_0815,PP_1506,35510027.2,12918831.4,,32434275.2,17770618.258333333,12236302.725,,29941416.25,1.9982437686628023,1.0557789955298773,,1.0832578836346793,True,False,False,False,True,False,False,False,False,False,False
105,PP_0751_PP_0812_PP_0815_PP_1506-R1,1,False,PP_0751_PP_0812_PP_0815_PP_1506,4,219.5499,579577.6,0.03868366720474428,PP_0751,PP_0812,PP_0815,PP_1506,36842656.8,13643673.6,,31633099.0,17770618.258333333,12236302.725,,29941416.25,2.073234384106082,1.1150160229465882,,1.0564997572551365,True,False,False,False,True,False,False,False,False,False,False
106,PP_0368_PP_0814_PP_0815_PP_1506-R1,1,False,PP_0368_PP_0814_PP_0815_PP_1506,4,218.8145,6959319.7,0.46449691507439356,PP_0368,PP_0814,PP_0815,PP_1506,190467.2,,,33977003.8,11090248.441666666,,,29941416.25,0.017174295147834955,,,1.1347827877046397,True,True,True,True,True,False,False,False,True,True,False
107,PP_0368_PP_0751_PP_0815_PP_4120-R1,1,False,PP_0368_PP_0751_PP_0815_PP_4120,4,217.9585,21966718.5,1.4661595410766384,PP_0368,PP_0751,PP_0815,PP_4120,192074.4,19565151.0,,4004662.8,11090248.441666666,17770618.258333333,,3052578.7166666663,0.017319215255662445,1.1009831349466495,,1.3118950145773747,True,True,True,False,True,False,False,False,True,True,False
108,PP_0368_PP_1506-R3,3,False,PP_0368_PP_1506,2,217.7908,6068814.6,0.40506052047852315,PP_0368,PP_1506,,,767678.8,30826335.0,,,11090248.441666666,29941416.25,,,0.06922106425639565,1.029555006436945,,,False,True,True,False,False,False,False,False,True,False,False
109,PP_0751_PP_0812_PP_0815_PP_1506-R2,2,False,PP_0751_PP_0812_PP_0815_PP_1506,4,215.5602,614150.4,0.04099121444179448,PP_0751,PP_0812,PP_0815,PP_1506,29960356.6,14101657.4,,30138076.2,17770618.258333333,12236302.725,,29941416.25,1.6859490291481798,1.1524443058432097,,1.0065681579107,True,False,False,False,True,False,False,False,False,False,False
110,PP_0751_PP_0814_PP_0815_PP_1769-R2,2,False,PP_0751_PP_0814_PP_0815_PP_1769,4,214.8926,719529.6,0.048024705562055486,PP_0751,PP_0814,PP_0815,PP_1769,15869980.9,,,7266903.3,17770618.258333333,,,8626299.075,0.8930460757918735,,,0.8424126310505876,True,False,False,True,True,False,False,False,False,False,False
111,PP_0751_PP_0814_PP_0815_PP_1769-R1,1,False,PP_0751_PP_0814_PP_0815_PP_1769,4,213.8424,968083.2,0.06461431279487664,PP_0751,PP_0814,PP_0815,PP_1769,16588098.2,,,13934619.8,17770618.258333333,,,8626299.075,0.9334564481019785,,,1.61536479072284,True,False,False,True,True,False,False,False,False,False,False
112,PP_0751_PP_0812_PP_0815_PP_1769-R1,1,False,PP_0751_PP_0812_PP_0815_PP_1769,4,212.9101,1768601.8,0.11804459566572571,PP_0751,PP_0812,PP_0815,PP_1769,16317201.1,12034603.5,,8320378.4,17770618.258333333,12236302.725,,8626299.075,0.9182123470773579,0.9835163260068821,,0.9645362776852252,True,False,False,False,True,False,False,False,False,False,False
113,PP_0368_PP_0751_PP_0815_PP_4120-R3,3,False,PP_0368_PP_0751_PP_0815_PP_4120,4,212.8255,11548154.97,0.7707768272760951,PP_0368,PP_0751,PP_0815,PP_4120,130753.98,10485635.84,,5979898.71,11090248.441666666,17770618.258333333,,3052578.7166666663,0.011789995570229986,0.5900546445581812,,1.958966259363129,True,True,True,False,True,False,False,False,True,True,False
114,PP_0368_PP_0814_PP_0815_PP_1506-R3,3,False,PP_0368_PP_0814_PP_0815_PP_1506,4,212.8029,12465186.0,0.8319836840989672,PP_0368,PP_0814,PP_0815,PP_1506,275485.0,,,32219123.0,11090248.441666666,,,29941416.25,0.02484029113044825,,,1.0760721113183815,True,True,True,True,True,False,False,False,True,True,False
115,PP_0368_PP_0813_PP_0815_PP_1506-R1,1,False,PP_0368_PP_0813_PP_0815_PP_1506,4,211.8573,3347197.2,0.22340729274811846,PP_0368,PP_0813,PP_0815,PP_1506,2641566.8,8706352.9,,28940601.4,11090248.441666666,8685842.9,,29941416.25,0.23818824383369896,1.0023613137189022,,0.9665742314376996,True,False,True,False,True,False,False,False,False,False,False
116,PP_0368_PP_1506-R2,2,False,PP_0368_PP_1506,2,209.275,6104716.25,0.4074567612592248,PP_0368,PP_1506,,,41543.18,33391297.74,,,11090248.441666666,29941416.25,,,0.0037459196895824275,1.115221052377574,,,False,True,True,False,False,False,False,False,True,False,False
117,PP_0751_PP_0815_PP_4191-R1,1,False,PP_0751_PP_0815_PP_4191,3,208.7299,4315074.3,0.2880078494837359,PP_0751,PP_0815,PP_4191,,17658164.1,,53106577.0,,17770618.258333333,,54461826.74166667,,0.9936719051245954,,0.9751156025651667,,True,True,False,True,False,False,False,False,True,True,False
118,PP_0751_PP_0812_PP_0815_PP_1769-R3,3,False,PP_0751_PP_0812_PP_0815_PP_1769,4,208.5632,4750515.0,0.3170711589115,PP_0751,PP_0812,PP_0815,PP_1769,19866132.0,12910834.0,,7610212.0,17770618.258333333,12236302.725,,8626299.075,1.117920137116445,1.055125415753393,,0.8822105440391308,True,True,False,False,True,False,False,False,False,False,False
119,PP_0368_PP_0813_PP_0815_PP_1506-R3,3,False,PP_0368_PP_0813_PP_0815_PP_1506,4,208.0971,8517035.6,0.5684660185648299,PP_0368,PP_0813,PP_0815,PP_1506,4217461.0,9162275.2,,35143524.4,11090248.441666666,8685842.9,,29941416.25,0.38028552941652505,1.0548515907419875,,1.1737428886651278,True,True,True,False,True,False,False,False,False,False,False
120,PP_0368_PP_0813_PP_0815_PP_1506-R2,2,False,PP_0368_PP_0813_PP_0815_PP_1506,4,208.0951,8190425.5,0.5466665625228637,PP_0368,PP_0813,PP_0815,PP_1506,3763446.3,9416466.2,,36109051.1,11090248.441666666,8685842.9,,29941416.25,0.3393473392228552,1.0841165685831133,,1.2059900840528879,True,True,True,False,True,False,False,False,False,False,False
121,PP_0751_PP_0815_PP_4191-R2,2,False,PP_0751_PP_0815_PP_4191,3,206.4391,5668824.6,0.3783633533602189,PP_0751,PP_0815,PP_4191,,18882158.6,,47711527.4,,17770618.258333333,,54461826.74166667,,1.0625493342723416,,0.8760544817255961,,True,True,False,True,False,False,False,False,True,True,False
122,PP_0815_PP_1506_PP_1769-R2,2,False,PP_0815_PP_1506_PP_1769,3,206.4389,15949058.9,1.0645133399159403,PP_0815,PP_1506,PP_1769,,,35613086.2,11354179.8,,,29941416.25,8626299.075,,,1.1894255736817394,1.316228396590806,,True,True,True,False,False,False,False,False,True,True,False
123,PP_0815_PP_1769_PP_4189-R2,2,False,PP_0815_PP_1769_PP_4189,3,205.6292,10010767.9,0.6681645631362165,PP_0815,PP_1769,PP_4189,,,9866565.7,66358997.9,,,8626299.075,139969493.35,,,1.1437773736125652,0.47409614989508,,True,True,True,False,True,False,False,False,True,True,False
124,PP_0368_PP_0814_PP_0815_PP_1506-R2,2,False,PP_0368_PP_0814_PP_0815_PP_1506,4,205.4691,20091485.2,1.34099787004509,PP_0368,PP_0814,PP_0815,PP_1506,190002.4,,,37103516.6,11090248.441666666,,,29941416.25,0.01713238445463049,,,1.2392037935079308,True,True,True,True,True,False,False,False,True,True,False
125,PP_0751_PP_0815_PP_4191-R3,3,False,PP_0751_PP_0815_PP_4191,3,205.3029,5150382.5,0.34376014981796893,PP_0751,PP_0815,PP_4191,,19516820.4,,59723273.9,,17770618.258333333,,54461826.74166667,,1.0982634434144014,,1.0966079816472258,,True,True,False,True,False,False,False,False,True,True,False
126,PP_0815_PP_1506_PP_4191-R3,3,False,PP_0815_PP_1506_PP_4191,3,204.5764,615561.6,0.041085404402136864,PP_0815,PP_1506,PP_4191,,,26486223.8,27100854.6,,,29941416.25,54461826.74166667,,,0.8846015692393976,0.49761192786554426,,True,False,True,False,True,False,False,False,False,False,False
127,PP_0815_PP_1506_PP_4191-R1,1,False,PP_0815_PP_1506_PP_4191,3,204.491,375232.0,0.025044704647955007,PP_0815,PP_1506,PP_4191,,,23397610.0,37903818.0,,,29941416.25,54461826.74166667,,,0.7814463352247073,0.6959703753565291,,True,False,True,False,False,False,False,False,False,False,False
128,PP_0751_PP_0814_PP_0815_PP_1769-R3,3,False,PP_0751_PP_0814_PP_0815_PP_1769,4,204.2853,2837673.6,0.18939935079976977,PP_0751,PP_0814,PP_0815,PP_1769,16584200.8,,,12649270.9,17770618.258333333,,,8626299.075,0.9332371310279554,,,1.4663612738235605,True,False,False,True,True,False,False,False,False,False,False
129,PP_0815_PP_1769_PP_4189-R3,3,False,PP_0815_PP_1769_PP_4189,3,203.4286,10445725.9,0.6971956549521203,PP_0815,PP_1769,PP_4189,,,12985923.4,72959636.2,,,8626299.075,139969493.35,,,1.505387569697727,0.5212538422037519,,True,True,True,False,False,False,False,False,True,True,False
130,PP_0751_PP_0812_PP_0815_PP_1769-R2,2,False,PP_0751_PP_0812_PP_0815_PP_1769,4,203.2051,1855381.3,0.12383665750212883,PP_0751,PP_0812,PP_0815,PP_1769,18276920.1,11688864.5,,7602822.0,17770618.258333333,12236302.725,,8626299.075,1.0284909525547454,0.955261140778944,,0.8813538614762206,True,False,False,False,True,False,False,False,False,False,False
131,PP_0815_PP_1506_PP_1769-R3,3,False,PP_0815_PP_1506_PP_1769,3,201.6886,5549083.0,0.3703712497920969,PP_0815,PP_1506,PP_1769,,,28968588.0,10472555.2,,,29941416.25,8626299.075,,,0.9675089434021011,1.2140264450545961,,True,True,True,False,False,False,False,False,True,True,False
132,PP_0368_PP_0751_PP_0815_PP_1769-R2,2,False,PP_0368_PP_0751_PP_0815_PP_1769,4,199.2013,31117405.8,2.0769183802862283,PP_0368,PP_0751,PP_0815,PP_1769,6263833.4,33338101.6,,7812090.8,11090248.441666666,17770618.258333333,,8626299.075,0.5648055075544058,1.8760237328471379,,0.9056132568647349,True,True,False,False,True,False,False,False,True,True,False
133,PP_0815_PP_1506_PP_4191-R2,2,False,PP_0815_PP_1506_PP_4191,3,198.8819,664364.8,0.04434275380164191,PP_0815,PP_1506,PP_4191,,,24958464.0,50281663.8,,,29941416.25,54461826.74166667,,,0.8335766014408219,0.923246001984201,,True,False,True,False,False,False,False,False,False,False,False
134,PP_0368_PP_0751_PP_0815_PP_1769-R1,1,False,PP_0368_PP_0751_PP_0815_PP_1769,4,197.0523,28522948.0,1.9037523674659382,PP_0368,PP_0751,PP_0815,PP_1769,6981097.0,30953492.5,,10655110.2,11090248.441666666,17770618.258333333,,8626299.075,0.629480668239283,1.7418354302605485,,1.2351890546989874,True,True,False,False,True,False,False,False,True,True,False
135,PP_0813_PP_1506-R2,2,False,PP_0813_PP_1506,2,196.1274,1834417.0,0.12243740396924484,PP_0813,PP_1506,,,8737552.5,29778412.0,,,8685842.9,29941416.25,,,1.005953319740563,0.9945558937947699,,,False,False,False,False,False,False,False,False,False,False,False
136,PP_0368_PP_0751_PP_0815_PP_1769-R3,3,False,PP_0368_PP_0751_PP_0815_PP_1769,4,195.5156,22086399.7,1.4741476132717413,PP_0368,PP_0751,PP_0815,PP_1769,3270721.0,28951125.9,,14744836.0,11090248.441666666,17770618.258333333,,8626299.075,0.2949186411110254,1.6291569307907277,,1.7092887542853945,True,True,True,False,True,False,False,False,True,True,False
137,PP_0813_PP_1506-R3,3,False,PP_0813_PP_1506,2,193.3266,566945.8,0.037840562938125134,PP_0813,PP_1506,,,7419898.8,28348408.0,,,8685842.9,29941416.25,,,0.8542520150807701,0.9467958283369445,,,False,False,False,False,False,False,False,False,False,False,False
138,PP_0815_PP_1769-R2,2,False,PP_0815_PP_1769,2,192.3566,1094674.1,0.0730635700586996,PP_0815,PP_1769,,,,7955879.1,,,,8626299.075,,,,0.9222818535305652,,,True,False,True,False,False,False,False,False,False,False,False
139,PP_0815_PP_1506-R2,2,False,PP_0815_PP_1506,2,191.6908,797600.0,0.053235482120951604,PP_0815,PP_1506,,,,34385730.0,,,,29941416.25,,,,1.1484336516646905,,,True,False,True,False,False,False,False,False,False,False,False
140,PP_0815_PP_1506_PP_1769-R1,1,False,PP_0815_PP_1506_PP_1769,3,191.5032,14031126.7,0.9365017484637119,PP_0815,PP_1506,PP_1769,,,27462061.2,13160682.5,,,29941416.25,8626299.075,,,0.9171931270953156,1.525646442996761,,True,True,True,False,False,False,False,False,True,True,False
141,PP_0815_PP_1769-R3,3,False,PP_0815_PP_1769,2,190.8338,325500.8,0.021725416272261086,PP_0815,PP_1769,,,,10023750.2,,,,8626299.075,,,,1.1619989189860078,,,True,False,True,False,False,False,False,False,False,False,False
142,PP_0368_PP_1506-R1,1,False,PP_0368_PP_1506,2,189.9883,7172559.0,0.4787294839593412,PP_0368,PP_1506,,,332791.2,33630507.4,,,11090248.441666666,29941416.25,,,0.030007551386286836,1.1232103090647891,,,False,True,True,False,False,False,False,False,True,False,False
143,PP_0528_PP_0751_PP_0815_PP_1769-R2,2,False,PP_0528_PP_0751_PP_0815_PP_1769,4,189.3506,3924491.25,0.2619385453525652,PP_0528,PP_0751,PP_0815,PP_1769,1558083.3,18187632.85,,6871721.95,3184623.625,17770618.258333333,,8626299.075,0.4892519441759778,1.0234665212883696,,0.7966014034819446,True,True,True,False,True,False,False,False,False,False,False
144,PP_0815_PP_1769_PP_2136-R1,1,False,PP_0815_PP_1769_PP_2136,3,189.3494,15852856.0,1.0580923171439574,PP_0815,PP_1769,PP_2136,,,11363576.9,9878031.0,,,8626299.075,19036028.13333333,,,1.3173177513556127,0.5189123976289425,,True,True,True,False,False,False,False,False,True,True,False
145,PP_0751_PP_0815_PP_1769-R2,2,False,PP_0751_PP_0815_PP_1769,3,189.032,547379.2,0.03653459831366699,PP_0751,PP_0815,PP_1769,,19321473.4,,11997808.7,,17770618.258333333,,8626299.075,,1.0872707476533299,,1.390840799245069,,True,False,False,True,False,False,False,False,False,False,False
146,PP_0815_PP_1769_PP_2136-R2,2,False,PP_0815_PP_1769_PP_2136,3,187.9375,12037444.8,0.8034342746142702,PP_0815,PP_1769,PP_2136,,,7641830.3,1425440.7,,,8626299.075,19036028.13333333,,,0.8858758818305869,0.07488120368470985,,True,True,True,False,True,False,False,False,True,True,False
147,PP_0813_PP_1506-R1,1,False,PP_0813_PP_1506,2,187.4147,1009823.7,0.06740026520394081,PP_0813,PP_1506,,,7540031.7,26496265.2,,,8685842.9,29941416.25,,,0.8680829007395471,0.8849369374770306,,,False,False,False,False,False,False,False,False,False,False,False
148,PP_0815_PP_1506-R3,3,False,PP_0815_PP_1506,2,187.1415,2020509.1,0.1348580442179915,PP_0815,PP_1506,,,,32810419.3,,,,29941416.25,,,,1.095820552576567,,,True,False,True,False,False,False,False,False,False,False,False
149,PP_0751_PP_0815_PP_1769-R1,1,False,PP_0751_PP_0815_PP_1769,3,183.507,791676.8,0.052840140586725405,PP_0751,PP_0815,PP_1769,,19583010.1,,11922376.6,,17770618.258333333,,8626299.075,,1.1019881140498176,,1.382096365584218,,True,False,False,True,False,False,False,False,False,False,False
150,PP_0815_PP_1769-R1,1,False,PP_0815_PP_1769,2,181.1929,2403828.3,0.16044252568516484,PP_0815,PP_1769,,,,10071052.0,,,,8626299.075,,,,1.1674823597511312,,,True,False,True,False,False,False,False,False,False,False,False
151,PP_0815_PP_1506-R1,1,False,PP_0815_PP_1506,2,180.8688,357465.6,0.023858893627952904,PP_0815,PP_1506,,,,32092668.6,,,,29941416.25,,,,1.0718487172429594,,,True,False,True,False,False,False,False,False,False,False,False
152,PP_0528_PP_0751_PP_0815_PP_1769-R3,3,False,PP_0528_PP_0751_PP_0815_PP_1769,4,180.0579,2863426.4,0.19111821078468005,PP_0528,PP_0751,PP_0815,PP_1769,995767.6,29760132.4,,11922603.1,3184623.625,17770618.258333333,,8626299.075,0.31267983826503204,1.67468188035857,,1.382122622499035,True,False,True,False,True,False,False,False,False,False,False
153,PP_0528_PP_0751_PP_0815_PP_1769-R1,1,False,PP_0528_PP_0751_PP_0815_PP_1769,4,175.8958,10566513.0,0.7052575399853344,PP_0528,PP_0751,PP_0815,PP_1769,4374286.0,30012868.7,,10677872.8,3184623.625,17770618.258333333,,8626299.075,1.373564513451727,1.6889040248178084,,1.237827799287147,True,True,False,False,True,False,False,False,False,False,False
154,PP_0751_PP_0815_PP_1769-R3,3,False,PP_0751_PP_0815_PP_1769,3,172.774,349977.6,0.023359110164911673,PP_0751,PP_0815,PP_1769,,20476074.0,,10172222.6,,17770618.258333333,,8626299.075,,1.152243197301139,,1.1792105179242236,,True,False,False,True,False,False,False,False,False,False,False
155,PP_0815_PP_1769_PP_2136-R3,3,False,PP_0815_PP_1769_PP_2136,3,170.6819,18902702.0,1.2616530270294335,PP_0815,PP_1769,PP_2136,,,11345570.0,2530086.5,,,8626299.075,19036028.13333333,,,1.3152303092389597,0.13291042029769085,,True,True,True,False,True,False,False,False,True,True,False
156,Control_P2-R3,3,True,Control,0,167.7428,10006357.0,0.6678701594400187,,,,,,,,,,,,,,,,,False,True,False,False,False,False,True,True,True,True,True
157,Control_P1-R3,3,True,Control,0,165.8016,8802225.4,0.5875008938143005,,,,,,,,,,,,,,,,,False,True,False,False,False,False,True,True,True,True,True
158,Control_P2-R2,2,True,Control,0,160.7165,16505322.0,1.101640890460819,,,,,,,,,,,,,,,,,False,True,False,False,False,False,True,True,True,True,True
159,Control_P1-R1,1,True,Control,0,157.9641,9917631.2,0.661948192615085,,,,,,,,,,,,,,,,,False,True,False,False,False,False,True,True,True,True,True
160,Control_P3-R2,2,True,Control,0,157.7208,21561038.9,1.4390826239594934,,,,,,,,,,,,,,,,,False,True,False,False,False,False,True,True,True,True,True
161,Control_P2-R1,1,True,Control,0,156.8139,6301410.4,0.4205850309503241,,,,,,,,,,,,,,,,,False,True,False,False,False,False,True,True,True,True,True
162,Control_P4-R1,1,True,Control,0,154.8127,21540421.0,1.4377064907513422,,,,,,,,,,,,,,,,,False,True,False,False,False,False,True,True,True,True,True
163,Control_P4-R2,2,True,Control,0,152.7466,18875816.4,1.2598585587770375,,,,,,,,,,,,,,,,,False,True,False,False,False,False,True,True,True,True,True
164,Control_P3-R1,1,True,Control,0,152.3844,17741361.1,1.1841398089774278,,,,,,,,,,,,,,,,,False,True,False,False,False,False,True,True,True,True,True
165,Control_P1-R2,2,True,Control,0,151.6721,10734835.8,0.7164921756547784,,,,,,,,,,,,,,,,,False,True,False,False,False,False,True,True,True,True,True
166,Control_P4-R3,3,True,Control,0,151.4252,15913864.9,1.062164330941812,,,,,,,,,,,,,,,,,False,True,False,False,False,False,True,True,True,True,True
167,PP_0751_PP_0813_PP_0815_PP_1769-R3,3,False,PP_0751_PP_0813_PP_0815_PP_1769,4,151.4079,2408653.1,0.16076455496567787,PP_0751,PP_0813,PP_0815,PP_1769,16496558.9,9548005.9,,9061463.6,17770618.258333333,8685842.9,,8626299.075,0.9283052879864843,1.0992607176903926,,1.0504462598869493,True,False,False,False,True,False,False,False,False,False,False
168,PP_0751_PP_0813_PP_0815_PP_1769-R1,1,False,PP_0751_PP_0813_PP_0815_PP_1769,4,147.9104,4992657.6,0.33323286660084395,PP_0751,PP_0813,PP_0815,PP_1769,15945761.1,9428754.1,,9140734.2,17770618.258333333,8685842.9,,8626299.075,0.8973104293950163,1.0855312729637328,,1.0596356700048681,True,True,False,False,True,False,False,False,False,False,False
169,PP_0368_PP_0751_PP_0815_PP_1506-R3,3,False,PP_0368_PP_0751_PP_0815_PP_1506,4,147.1425,656784.0,0.043836776440981794,PP_0368,PP_0751,PP_0815,PP_1506,13852133.5,45775009.0,,22933611.0,11090248.441666666,17770618.258333333,,29941416.25,1.2490372576286732,2.575881622944341,,0.7659494396829007,True,False,False,False,True,False,False,False,False,False,False
170,PP_0368_PP_0751_PP_0815_PP_1506-R2,2,False,PP_0368_PP_0751_PP_0815_PP_1506,4,141.1573,552364.0,0.03686730672800566,PP_0368,PP_0751,PP_0815,PP_1506,15445593.0,45394552.0,,20550320.0,11090248.441666666,17770618.258333333,,29941416.25,1.3927183941137034,2.554472294666098,,0.6863509671156587,True,False,False,False,True,False,False,False,False,False,False
171,PP_0751_PP_0813_PP_0815_PP_1769-R2,2,False,PP_0751_PP_0813_PP_0815_PP_1769,4,139.9348,3666683.4,0.2447312670309554,PP_0751,PP_0813,PP_0815,PP_1769,16659151.8,8810805.8,,7114128.4,17770618.258333333,8685842.9,,8626299.075,0.9374548233395243,1.0143869629509417,,0.824702266655414,True,False,False,False,True,False,False,False,False,False,False
172,PP_0368_PP_0751_PP_0815_PP_1506-R1,1,False,PP_0368_PP_0751_PP_0815_PP_1506,4,138.5521,682758.4,0.04557042702624063,PP_0368,PP_0751,PP_0815,PP_1506,13255671.2,39793661.2,,22457977.2,11090248.441666666,17770618.258333333,,29941416.25,1.1952546662703896,2.239295258134264,,0.7500639586479146,True,False,False,False,True,False,False,False,False,False,False
173,Control_P3-R3,3,True,Control,0,132.5339,21889578.2,1.4610108436575626,,,,,,,,,,,,,,,,,False,True,False,False,False,False,True,True,True,True,True
174,PP_0815_PP_1506_PP_4120-R2,2,False,PP_0815_PP_1506_PP_4120,3,77.8528,10857582.3,0.7246848400306051,PP_0815,PP_1506,PP_4120,,,31464046.9,376607.5,,,29941416.25,3052578.7166666663,,,1.0508536616066049,0.12337355886803969,,True,True,True,False,True,False,False,False,True,True,False
175,PP_0815_PP_1506_PP_4120-R3,3,False,PP_0815_PP_1506_PP_4120,3,77.3095,9553874.4,0.6376693954451069,PP_0815,PP_1506,PP_4120,,,29608426.2,1365283.4,,,29941416.25,3052578.7166666663,,,0.9888786139166011,0.44725575545218127,,True,True,True,False,True,False,False,False,True,True,False
176,PP_0815_PP_1506_PP_4120-R1,1,False,PP_0815_PP_1506_PP_4120,3,74.0918,7755399.8,0.5176309520984599,PP_0815,PP_1506,PP_4120,,,24289721.5,909577.8,,,29941416.25,3052578.7166666663,,,0.8112415691091432,0.2979703013173185,,True,True,True,False,True,False,False,False,True,True,False
177,PP_0368_PP_0815_PP_4120-R1,1,False,PP_0368_PP_0815_PP_4120,3,0.0,17862434.6,1.1922208096601898,PP_0368,PP_0815,PP_4120,,1716216.4,,573962.5,,11090248.441666666,,3052578.7166666663,,0.1547500409054933,,0.18802545430400944,,True,True,True,True,True,False,True,False,True,True,False
178,PP_0368_PP_0815_PP_4120-R2,2,False,PP_0368_PP_0815_PP_4120,3,0.0,10634844.0,0.7098182643193448,PP_0368,PP_0815,PP_4120,,15137283.4,,5241564.8,,11090248.441666666,,3052578.7166666663,,1.36491833159737,,1.7170940658734748,,True,True,False,True,False,False,False,False,True,True,False
179,PP_0368_PP_0815_PP_4120-R3,3,False,PP_0368_PP_0815_PP_4120,3,0.0,14493715.0,0.9673770132255116,PP_0368,PP_0815,PP_4120,,0.0,,0.0,,11090248.441666666,,3052578.7166666663,,0.0,,0.0,,True,True,True,True,True,False,True,False,True,True,False
180,PP_0751_PP_0814_PP_0815_PP_1506-R1,1,False,PP_0751_PP_0814_PP_0815_PP_1506,4,0.0,449193.6,0.029981241050207982,PP_0751,PP_0814,PP_0815,PP_1506,16887330.6,,,46861584.3,17770618.258333333,,,29941416.25,0.9502950518944875,,,1.5651091420900973,True,False,False,True,True,False,False,False,False,False,False
181,PP_0751_PP_0814_PP_0815_PP_1506-R2,2,False,PP_0751_PP_0814_PP_0815_PP_1506,4,0.0,3821590.3,0.2550704640035758,PP_0751,PP_0814,PP_0815,PP_1506,17338765.9,,,40434768.8,17770618.258333333,,,29941416.25,0.9756985180788056,,,1.3504627991670233,True,True,False,True,True,False,False,False,False,False,False
182,PP_0751_PP_0814_PP_0815_PP_1506-R3,3,False,PP_0751_PP_0814_PP_0815_PP_1506,4,0.0,735068.8,0.049061863039204304,PP_0751,PP_0814,PP_0815,PP_1506,21136209.2,,,44980315.8,17770618.258333333,,,29941416.25,1.1893907624788693,,,1.5022774949732045,True,False,False,True,True,False,False,False,False,False,False
183,PP_0813_PP_0815_PP_1506-R1,1,False,PP_0813_PP_0815_PP_1506,3,0.0,613894.4,0.040974127827673415,PP_0813,PP_0815,PP_1506,,2196736.8,,79259184.2,,8685842.9,,29941416.25,,0.25291003133386164,,2.6471421237464012,,True,False,True,True,False,False,False,False,False,False,False
184,PP_0813_PP_0815_PP_1506-R2,2,False,PP_0813_PP_0815_PP_1506,3,0.0,669708.8,0.0446994368714192,PP_0813,PP_0815,PP_1506,,2523713.6,,76730094.4,,8685842.9,,29941416.25,,0.290554829169199,,2.5626741821205603,,True,False,True,True,False,False,False,False,False,False,False
185,PP_0813_PP_0815_PP_1506-R3,3,False,PP_0813_PP_0815_PP_1506,3,0.0,476134.4,0.031779393603773846,PP_0813,PP_0815,PP_1506,,2980124.4,,76250390.2,,8685842.9,,29941416.25,,0.34310134713580875,,2.546652755612387,,True,False,True,True,False,False,False,False,False,False,False
186,PP_1506_PP_4120-R1,1,False,PP_1506_PP_4120,2,0.0,0.0,0.0,PP_1506,PP_4120,,,18100000.0,0.0,,,29941416.25,3052578.7166666663,,,0.6045138228890559,0.0,,,False,False,False,True,False,False,False,False,False,False,False
187,PP_1506_PP_4120-R2,2,False,PP_1506_PP_4120,2,0.0,0.0,0.0,PP_1506,PP_4120,,,13540000.0,0.0,,,29941416.25,3052578.7166666663,,,0.45221641778551475,0.0,,,False,False,True,True,False,False,True,False,False,False,False
188,PP_1506_PP_4120-R3,3,False,PP_1506_PP_4120,2,0.0,0.0,0.0,PP_1506,PP_4120,,,16704498.0,0.0,,,29941416.25,3052578.7166666663,,,0.5579060743327396,0.0,,,False,False,False,True,False,False,False,False,False,False,False
