PP_1506	PP_3754	PP_4122	
PP_0528	PP_2095	PP_4120	
PP_0812	PP_4011	PP_4191	
PP_1506	PP_2471	PP_4651	
PP_1317	PP_4550	PP_4651	
PP_1620	PP_2136	PP_4678	
PP_0437	PP_0597	PP_0813	
PP_2095	PP_2112	PP_5186	
PP_0437	PP_4189	PP_4191	
PP_4121	PP_4123	PP_4191	
PP_0999	PP_4116	PP_4651	
PP_0813	PP_0897	PP_2925	
PP_1318	PP_2471	PP_4011	
PP_1769	PP_3123	PP_4188	
PP_0897	PP_1506	PP_4187	
PP_0528	PP_1769	PP_2136	
PP_0437	PP_1318	PP_4549	
PP_0658	PP_1319	PP_1755	
PP_0528	PP_4116	PP_4120	
PP_4187	PP_4266	PP_4667	
PP_0944	PP_1607	PP_4120	
PP_4186	PP_4636	PP_5417	
PP_1444	PP_4191	PP_4192	
PP_1769	PP_4189	PP_4487	
PP_1457	PP_3365	PP_4121	
