DBTL_Cycle,Line_name,Line,Replicate,mvaE,mvaS,MK,PMD*,AphA,dCas9
0,Control-R1,Control,R1,1.475315592,0.877158175,1.035255701,2.42272993,0.441732919,0.04025723
0,Control-R10,Control,R10,2.13205352,0.825546852,1.016788037,2.543356506,0.369206399,0.051404521
0,Control-R11,Control,R11,2.101718405,0.870911151,1.067357275,2.852720883,0.418925354,0.045655806
0,Control-R12,Control,R12,2.093783585,0.82061234,1.101741097,2.657792941,0.301817164,0.043949576
0,Control-R13,Control,R13,2.150279853,0.759694037,0.964572966,2.612845811,0.304724875,0.038798846
0,Control-R14,Control,R14,1.867907203,0.674256564,0.966389301,2.58775136,0.34122873,0.039545164
0,Control-R15,Control,R15,0.632890359,0.804200012,0.879319752,2.497958178,0.449447028,0.040277006
0,Control-R16,Control,R16,0.380005231,0.50298653,0.84208,2.752387013,0.456438204,0.028736869
0,Control-R17,Control,R17,0.520631126,0.663011647,0.899998771,2.609471753,0.400190554,0.028372493
0,Control-R18,Control,R18,0.513275388,0.596270902,0.941350692,2.732497648,0.481114626,0.026810599
0,Control-R2,Control,R2,1.260780588,0.749897726,0.849618609,2.236048946,0.361135612,0.042869402
0,Control-R3,Control,R3,1.345454065,0.848412438,1.066740796,2.951097531,0.268683896,0.044549124
0,Control-R4,Control,R4,1.207622517,0.753167446,1.067471709,2.123932199,0.345311858,0.036058065
0,Control-R5,Control,R5,1.18923816,0.771652551,0.819043431,2.193450422,0.350725819,0.047156551
0,Control-R6,Control,R6,1.342041231,0.898885141,0.723598457,1.87547598,0.192411286,0.052741126
0,Control-R7,Control,R7,1.983165216,1.054631213,0.870900858,2.530098718,0.360733186,0.041813972
0,Control-R8,Control,R8,1.972143807,0.772932163,1.324619398,2.533094114,0.354358237,0.040131742
0,Control-R9,Control,R9,2.119908127,0.892330473,1.062785115,2.416277496,0.301274565,0.039800063
1,Control_P1-R1,Control_P1,R1,1.227951229,0.638301111,0.803717109,2.085936552,0.437204235,0.022203712
1,Control_P1-R2,Control_P1,R2,1.133349823,0.630543778,0.838070949,2.173884007,0.467084587,0.021770385
1,Control_P1-R3,Control_P1,R3,1.241514866,0.633695217,0.841021832,2.122969897,0.435913757,0.032242494
1,Control_P2-R1,Control_P2,R1,1.348260193,0.702596621,0.835230539,2.278855366,0.513185478,0.02221701
1,Control_P2-R2,Control_P2,R2,1.343822633,0.767150178,0.895266841,2.491821512,0.576261672,0.02766186
1,Control_P2-R3,Control_P2,R3,1.239928749,0.564113812,0.770705129,2.287337849,0.399468386,0.028660932
1,Control_P3-R1,Control_P3,R1,1.109022883,0.522364079,0.794557746,2.422966769,0.608988905,0.021785436
1,Control_P3-R2,Control_P3,R2,1.04694982,0.503164687,0.735621904,2.461293665,0.590383121,0.021472204
1,Control_P3-R3,Control_P3,R3,1.025273742,0.460542716,0.778802523,2.525231392,0.524629243,0.038662439
1,Control_P4-R1,Control_P4,R1,1.356015622,0.747607836,0.88224395,2.391770388,0.6014877,0.046734932
1,Control_P4-R2,Control_P4,R2,1.26100943,0.805122107,0.90654658,2.530817294,0.677906628,0.041697196
1,Control_P4-R3,Control_P4,R3,1.302955334,0.755608343,0.909459071,2.541210842,0.629338257,0.034644373
2,Control_P1-R1,Control_P1,R1,0.763098276,0.765627611,0.82764663,2.291474238,0.951197358,0.072112385
2,Control_P1-R2,Control_P1,R2,0.756321752,0.835419416,0.836702481,2.225545315,0.915059474,0.067139864
2,Control_P1-R3,Control_P1,R3,0.675615178,0.785471869,0.836063073,2.340115678,1.037237199,0.064688083
2,Control_P2-R1,Control_P2,R1,0.518025982,0.542469259,0.78121761,2.274087816,0.818454662,0.047711521
2,Control_P2-R2,Control_P2,R2,0.560833838,0.52403018,0.752483219,2.278018081,0.540578402,0.046464903
2,Control_P2-R3,Control_P2,R3,0.534825978,0.516477838,0.77898311,2.232881388,0.826081789,0.042924357
2,Control_P3-R1,Control_P3,R1,0.652655936,0.601064488,0.68549528,1.965321431,0.647156552,0.021898783
2,Control_P3-R2,Control_P3,R2,0.700089366,0.637641631,0.720211963,1.991079412,0.595819701,0.018837555
2,Control_P3-R3,Control_P3,R3,0.558103762,0.539479064,0.601689924,1.600261765,0.478392631,0.006789739
2,Control_P4-R1,Control_P4,R1,0.86268545,0.807615003,0.899885386,2.064176763,0.379692881,0.049899975
2,Control_P4-R2,Control_P4,R2,0.796944948,0.739589588,0.815260561,2.042489832,0.664238742,0.062896657
2,Control_P4-R3,Control_P4,R3,0.765190385,0.574663704,0.82830434,1.81300525,0.429756357,0.030805126
3,Control_P1-R1,Control_P1,R1,0.840590295,0.40350909,1.092213436,2.502726974,0.897943077,0.028550036
3,Control_P1-R2,Control_P1,R2,0.894486191,0.394584414,1.101891941,2.882268826,0.84077704,0.022259613
3,Control_P1-R3,Control_P1,R3,0.847270499,0.409737968,1.115129827,2.919495214,0.869322552,0.027893643
3,Control_P2-R1,Control_P2,R1,0.542045374,0.459416315,1.09642213,1.572247394,1.291598996,0.000806134
3,Control_P2-R2,Control_P2,R2,0.938009918,0.310258031,1.130729924,2.384998314,1.083785307,0.022742531
3,Control_P2-R3,Control_P2,R3,0.976798218,0.434343117,1.355095973,2.978340385,1.003651481,0.005408953
3,Control_P3-R1,Control_P3,R1,0.766637103,0.329243777,0.444579683,1.88011773,0.84257775,0.03406617
3,Control_P3-R2,Control_P3,R2,0.77814793,0.422045508,1.077112935,2.208268053,0.810144698,0.026695225
3,Control_P3-R3,Control_P3,R3,1.014201335,0.529169001,1.290476591,2.824132671,0.885462623,0.00037341
3,Control_P4-R1,Control_P4,R1,0.999989564,0.46352806,0.928324757,2.813695876,0.688534889,0.015970777
3,Control_P4-R2,Control_P4,R2,0.871290392,0.409491412,0.446951697,2.453375965,1.241926648,0.009608979
3,Control_P4-R3,Control_P4,R3,0.811743783,0.408073659,1.061313341,3.002602772,0.746798216,0.028965825
4,Control_P1-R1,Control_P1,R1,1.605140336,0.801722575,0.916490972,2.772316755,0.432645574,0.040787674
4,Control_P1-R2,Control_P1,R2,1.6875283,0.819406844,0.883789738,2.733507719,0.356526695,0.039075262
4,Control_P1-R3,Control_P1,R3,1.574146736,0.868248486,0.960017284,2.874735807,0.380860637,0.039076822
4,Control_P2-R1,Control_P2,R1,1.285853816,0.706288911,0.995960963,1.76522879,0.29192751,0.045290045
4,Control_P2-R2,Control_P2,R2,1.41212274,0.759797011,0.979672243,2.69038444,0.304003198,0.043056132
4,Control_P2-R3,Control_P2,R3,1.240155853,0.617495605,0.969794322,2.647666345,0.371617536,0.047369174
4,Control_P3-R1,Control_P3,R1,0.891998911,0.424541211,0.563837243,1.453566395,0.391693271,0.011927502
4,Control_P3-R2,Control_P3,R2,0.930942343,0.442447057,0.722977294,1.604727516,0.343938294,0.020938553
4,Control_P3-R3,Control_P3,R3,0.796107608,0.368263111,0.467559815,1.194495085,0.331774653,0.005422466
4,Control_P4-R1,Control_P4,R1,1.612104527,0.51305141,0.595691411,2.332473362,2.16448962,0.012230518
4,Control_P4-R2,Control_P4,R2,1.689010561,0.432824328,0.707994969,2.247380512,0.48753332,0.053282611
4,Control_P4-R3,Control_P4,R3,1.602203976,0.354376019,0.621438627,2.043909863,0.562953295,0.068871072
5,Control_P1-R1,Control_P1,R1,1.392464442,0.363015635,0.639168047,2.675237492,1.316050214,0.034693637
5,Control_P1-R2,Control_P1,R2,1.366770044,0.460597386,0.763947163,2.535102813,1.117087978,0.037161075
5,Control_P1-R3,Control_P1,R3,1.193776241,0.369174386,0.737149533,2.702966207,1.576180491,0.038068787
5,Control_P2-R1,Control_P2,R1,1.357134959,0.45888736,0.750085563,2.398296679,0.89892458,0.032160218
5,Control_P2-R2,Control_P2,R2,1.335313396,0.482604712,0.765894172,2.430806334,1.028066589,0.041286586
5,Control_P2-R3,Control_P2,R3,1.288960201,0.410925981,0.840123626,2.530563233,0.94568349,0.038755292
5,Control_P3-R1,Control_P3,R1,1.231121745,0.364347294,0.929016475,2.377419264,0.833389847,0.03729291
5,Control_P3-R2,Control_P3,R2,1.248012614,0.307893286,0.926699082,2.391411521,1.167141879,0.03106049
5,Control_P3-R3,Control_P3,R3,1.172581274,0.432564393,0.960394435,2.53665401,0.501428369,0.033900959
5,Control_P4-R1,Control_P4,R1,1.580412557,0.309514274,0.825223361,2.41379402,0.876807666,0.035790044
5,Control_P4-R2,Control_P4,R2,1.534377214,0.337173144,0.812843032,2.395011686,0.443871925,0.034312583
5,Control_P4-R3,Control_P4,R3,1.608646497,0.320073026,0.920116633,2.481968551,0.277003394,0.045253433
6,Control_P1-R1,PRT1093_Control_P1,R1,1.20910998,0.414837403,0.613011627,3.295485314,0.355508823,0.014670957
6,Control_P1-R2,PRT1093_Control_P1,R2,1.153055744,0.348234548,0.585563817,2.974040769,0.401468464,0.016621897
6,Control_P1-R3,PRT1093_Control_P1,R3,1.18183975,0.383960078,0.644893502,3.097787256,0.348890179,0.018893594
6,Control_P2-R1,PRT1093_Control_P2,R1,1.379916748,0.51608824,0.606689149,3.077123871,0.358918692,0.021608079
6,Control_P2-R2,PRT1093_Control_P2,R2,1.424828295,0.374453294,0.607625386,3.04460229,0.445370941,0.019930461
6,Control_P2-R3,PRT1093_Control_P2,R3,1.499678925,0.337061895,0.702640851,3.305790768,0.450746095,0.021280016
6,Control_P3-R1,PRT1093_Control_P3,R1,1.458466084,0.496963385,0.780314205,3.398357211,0.292122022,0.034298724
6,Control_P3-R2,PRT1093_Control_P3,R2,1.440968013,0.728775279,0.785865735,3.301578416,0.50128376,0.038441089
6,Control_P3-R3,PRT1093_Control_P3,R3,1.491340286,0.690234025,0.80436721,3.433657623,0.393282838,0.041598419
6,Control_P4-R1,PRT1093_Control_P4,R1,1.689862896,0.763467469,0.759879525,2.951231145,0.322447005,0.031823525
6,Control_P4-R2,PRT1093_Control_P4,R2,1.581805376,0.742331478,0.739134835,2.896158311,0.315600658,0.031061242
6,Control_P4-R3,PRT1093_Control_P4,R3,1.765090509,0.733428334,0.828131471,3.250181583,0.394853708,0.032572631
